Session,gyorB,gyorC,gyorE,gyorF,gyorG,gyorH,gyorJ,gyorK,gyorL,gyorM,gyorN,gyorO,gyorP,gyorQ
41664,3,2,3,1,1,2,0,1,0,1,0,2,3,3.0
47152,3,3,3,3,3,2,3,3,3,3,3,3,3,3.0
32210,3,2,1,1,2,2,2,2,1,2,3,2,3,0.0
48359,3,3,3,3,2,3,2,3,3,3,3,1,3,3.0
52812,3,3,2,3,2,3,2,1,0,1,0,2,3,1.0
40865,2,2,3,0,1,2,0,0,0,0,0,2,3,3.0
44867,3,3,2,3,2,3,3,3,2,2,1,0,3,1.0
52746,3,2,2,2,2,3,0,2,0,2,0,3,3,3.0
51192,3,2,3,2,2,3,0,2,0,1,0,2,3,1.0
48268,0,0,0,0,0,0,0,1,0,1,0,1,3,0.0
49169,3,3,3,2,2,3,2,2,1,2,3,3,3,3.0
49607,1,1,2,1,0,1,0,1,0,1,0,1,3,0.0
31930,3,3,2,1,2,3,3,3,2,2,0,3,3,1.0
40964,3,3,3,3,2,3,3,3,3,3,0,2,3,3.0
41105,3,3,3,3,3,3,3,3,3,3,1,1,3,3.0
48418,3,3,1,1,0,2,2,3,2,3,3,2,3,2.0
38071,3,3,1,1,1,2,3,3,3,3,3,3,3,1.0
46836,3,3,2,2,3,3,3,2,2,2,1,1,3,2.0
50031,3,3,3,3,2,2,3,3,2,3,3,3,3,3.0
30915,2,0,0,0,0,1,0,2,1,3,1,2,3,2.0
42279,3,3,3,2,2,3,2,2,2,2,0,2,3,1.0
48155,3,2,3,2,1,2,1,2,1,2,3,2,3,3.0
30908,3,3,3,2,2,3,3,3,2,2,3,3,3,1.0
50941,3,3,3,3,3,3,3,3,3,2,3,3,3,3.0
47041,3,3,3,3,3,3,2,3,3,3,2,3,3,3.0
35171,3,3,2,3,2,3,2,3,2,2,2,3,3,2.0
31788,3,3,3,3,3,3,3,3,2,3,2,3,3,3.0
41120,3,3,1,3,3,3,3,3,3,3,1,3,3,2.0
44169,2,3,3,2,2,3,3,3,2,3,2,3,3,3.0
46117,3,3,3,3,3,3,3,3,3,3,2,3,3,3.0
47002,3,3,3,3,3,3,3,3,2,3,1,2,3,3.0
47361,3,3,3,3,3,3,3,3,3,3,3,3,3,3.0
47421,3,3,3,3,3,3,2,3,3,3,2,3,3,3.0
47502,3,3,3,3,3,3,2,3,3,3,3,3,3,3.0
47824,3,3,3,3,3,3,2,3,3,3,2,3,3,3.0
48410,3,3,3,3,2,2,3,3,3,3,3,3,3,3.0
48821,3,3,3,2,2,2,3,3,2,2,3,3,3,3.0
49373,3,3,3,3,3,3,3,3,3,3,3,2,3,3.0
50212,3,3,3,2,2,2,3,3,3,2,3,3,3,1.0
50232,3,3,3,3,3,3,3,3,3,3,2,3,3,3.0
50666,3,3,3,3,3,3,2,3,3,1,3,0,3,2.0
52324,3,3,3,3,2,3,3,3,2,3,3,3,3,3.0
31942,3,3,3,1,1,2,3,2,2,3,2,3,3,3.0
32192,3,2,2,1,1,2,0,2,0,1,1,3,3,2.0
40760,3,2,1,1,1,2,1,3,2,2,2,2,3,3.0
44086,3,3,3,2,2,3,3,3,3,3,3,1,3,1.0
49197,3,3,3,3,2,3,3,3,3,3,3,3,3,3.0
50030,3,3,3,3,2,3,3,3,3,2,3,3,3,3.0
52490,3,3,3,3,2,3,3,2,3,2,3,3,3,3.0
46990,3,3,3,2,2,2,2,2,2,1,3,3,3,0.0
47894,3,3,3,3,2,3,3,3,3,3,2,3,3,3.0
48927,3,3,3,2,2,3,3,3,3,3,3,3,3,2.0
49703,3,3,3,3,2,3,3,3,3,3,3,3,3,3.0
49841,3,3,3,3,3,2,3,3,3,3,3,3,3,2.0
51264,3,3,3,2,2,1,2,2,1,2,3,2,3,3.0
52113,3,3,3,2,2,3,3,2,2,2,2,3,3,3.0
47912,3,3,3,3,3,3,2,2,1,2,1,3,3,3.0
51727,3,3,3,3,2,3,3,3,3,3,3,3,3,3.0
32239,3,3,3,3,3,3,3,2,3,2,0,3,3,3.0
41091,3,3,3,2,2,3,3,3,3,3,3,3,3,3.0
47363,3,3,3,3,2,3,3,3,3,3,0,2,3,1.0
47464,3,3,3,3,3,3,2,3,3,3,3,3,3,3.0
49599,3,3,3,3,3,3,3,3,3,3,3,3,3,3.0
49661,3,3,3,3,1,2,3,3,3,3,3,3,3,2.0
49698,3,3,3,3,3,3,3,3,3,3,3,3,3,2.0
50061,3,3,3,3,3,3,3,2,2,2,3,3,3,3.0
50103,3,3,3,3,3,3,3,3,3,3,3,3,3,3.0
50118,3,3,3,3,3,3,2,3,3,3,3,3,3,3.0
50193,3,3,3,3,3,3,2,3,3,3,3,3,3,3.0
50687,3,3,3,3,2,3,3,3,3,3,3,3,3,3.0
53536,3,3,3,3,3,3,3,3,3,3,3,3,3,2.0
32205,3,3,1,3,2,2,3,2,1,1,0,3,3,0.0
32213,3,3,3,3,3,3,3,3,2,3,3,3,3,3.0
48972,3,3,3,3,3,3,3,3,3,3,3,2,3,3.0
49581,3,3,3,3,2,3,3,3,3,3,3,3,3,3.0
51042,3,3,2,3,2,3,3,3,2,3,3,3,3,1.0
53212,3,3,3,3,2,3,3,3,2,2,0,3,3,2.0
53264,3,3,2,2,2,3,2,2,3,1,3,2,3,3.0
42307,3,3,3,3,2,3,2,2,1,2,2,3,3,2.0
50020,3,3,3,2,1,3,3,3,2,3,2,2,3,3.0
47043,3,3,3,3,3,3,3,3,3,3,2,0,3,3.0
47092,3,3,2,3,2,3,3,3,3,3,0,3,3,2.0
47767,2,2,2,1,1,2,2,3,2,2,1,0,3,3.0
52743,3,2,2,2,2,3,0,2,0,1,3,1,3,1.0
50645,3,3,3,3,2,3,3,3,3,3,3,3,3,3.0
50918,3,3,3,3,3,3,3,3,3,3,3,3,3,3.0
45071,3,3,1,2,2,3,3,2,2,2,3,2,3,1.0
47388,3,3,3,3,2,3,3,3,3,3,3,3,3,3.0
49998,3,3,3,3,2,3,3,3,3,3,3,3,3,2.0
32258,3,2,3,2,2,2,0,2,1,1,2,2,3,0.0
42972,3,3,3,3,3,3,0,1,0,1,0,3,0,2.0
31525,3,3,3,3,3,3,2,1,1,2,0,2,3,2.0
37230,3,3,3,3,3,3,2,3,3,3,0,1,3,1.0
49541,0,0,0,0,0,0,0,0,0,0,2,1,3,2.0
40887,2,3,3,2,1,3,2,3,2,2,2,2,3,2.0
32922,0,0,0,0,0,0,0,0,0,0,0,0,0,2.0
32714,0,0,0,0,0,0,0,0,0,0,1,2,0,3.0
48539,3,3,3,3,3,3,2,3,2,2,3,3,3,3.0
48978,3,3,3,1,1,3,2,3,3,2,3,2,3,0.0
50140,3,3,1,2,2,3,3,2,1,1,3,2,3,2.0
26454,3,2,3,3,2,3,0,2,0,1,1,1,3,3.0
29605,3,3,3,2,0,3,2,2,1,1,3,3,3,2.0
29611,2,3,3,3,3,2,1,2,0,2,0,2,3,0.0
29682,2,1,3,2,0,1,0,1,0,1,3,3,3,0.0
29736,3,3,3,3,2,3,2,3,1,3,3,2,3,2.0
30481,3,3,3,3,1,3,3,3,2,3,0,2,3,1.0
30683,3,3,3,2,1,3,1,2,3,2,3,3,3,2.0
30819,3,3,3,3,2,3,3,3,3,3,3,3,3,3.0
33576,3,3,3,2,1,2,3,2,3,3,2,3,3,2.0
33595,3,3,3,3,1,3,2,3,2,2,3,3,3,2.0
33759,2,1,3,2,1,3,0,1,0,2,1,2,3,1.0
34230,3,3,3,3,3,3,1,2,3,2,3,3,3,2.0
38397,3,3,3,3,2,3,3,3,2,2,3,2,3,3.0
38738,3,3,3,2,1,3,3,3,2,3,3,3,3,3.0
38858,3,3,3,3,3,3,3,3,3,3,3,3,3,2.0
38957,3,3,3,3,2,3,3,3,2,3,0,2,1,0.0
40181,3,3,3,3,3,3,3,3,3,3,3,3,3,2.0
42699,3,3,3,3,1,3,3,3,2,3,3,3,3,3.0
43543,3,3,3,3,3,3,3,3,2,3,3,3,3,3.0
44131,3,3,3,3,2,2,0,2,0,1,0,3,3,2.0
46223,3,3,3,2,2,3,2,3,2,2,0,1,3,3.0
46757,3,3,3,3,2,2,3,3,3,3,3,3,3,2.0
47650,3,3,3,3,2,3,3,2,2,3,3,3,3,2.0
49623,3,3,3,3,1,3,3,3,3,3,3,3,3,3.0
50805,3,3,3,2,2,3,3,3,2,2,3,3,3,3.0
52112,3,3,3,3,3,3,3,2,2,1,1,1,3,2.0
52677,3,3,3,3,3,3,3,2,1,2,3,3,3,3.0
52872,3,3,3,3,2,3,3,2,3,3,3,3,3,2.0
53345,3,3,3,3,2,3,3,3,3,3,3,3,3,2.0
53945,3,3,3,3,2,3,3,3,2,3,3,3,3,3.0
24567,3,3,3,3,2,3,2,3,2,2,3,3,3,2.0
24629,3,3,3,2,1,3,3,3,3,3,3,3,3,3.0
26973,3,2,3,2,1,2,0,2,0,1,3,3,3,3.0
30493,3,3,3,3,3,3,2,3,3,3,0,3,3,3.0
48031,3,3,3,3,3,3,3,3,2,2,3,3,3,3.0
50749,3,3,3,3,0,3,2,3,2,2,3,2,3,3.0
50938,3,3,3,3,3,3,3,3,2,1,3,0,3,3.0
26418,3,3,3,3,3,3,3,3,3,3,3,3,3,3.0
26447,3,3,3,3,3,3,3,3,3,3,3,3,3,3.0
27683,3,3,3,3,2,3,3,3,2,3,1,2,3,2.0
29538,2,2,3,2,3,2,0,0,0,0,1,0,0,2.0
29619,3,3,3,2,1,3,3,3,3,3,3,3,3,3.0
35284,2,2,2,1,0,1,1,3,1,2,0,2,3,3.0
35875,2,3,2,2,0,3,2,2,1,2,3,3,3,3.0
48372,3,3,3,3,2,3,3,3,3,3,3,3,3,3.0
49071,3,3,3,3,2,3,3,3,2,3,3,3,3,3.0
49907,3,3,3,3,3,3,3,3,3,3,3,3,3,3.0
50590,3,3,3,3,2,3,1,2,0,2,3,3,3,3.0
51800,3,3,3,3,3,3,3,3,3,3,3,3,3,2.0
52043,3,3,3,3,3,3,3,3,3,3,3,3,3,3.0
30303,3,3,3,3,3,3,1,3,2,3,3,2,3,2.0
34773,3,3,3,2,1,3,2,2,2,1,0,3,3,3.0
39486,3,3,3,3,2,3,3,2,3,2,3,3,3,3.0
44725,3,3,3,2,2,3,3,3,3,3,3,3,3,3.0
46213,3,3,3,3,2,3,3,3,3,3,3,3,3,3.0
52416,3,3,3,3,3,3,1,3,0,2,1,3,3,1.0
42169,3,3,3,3,2,3,3,3,3,3,3,3,3,3.0
45049,3,3,3,3,2,3,3,3,3,3,3,3,3,3.0
49301,2,2,2,0,0,1,2,2,2,2,1,3,3,1.0
52236,3,3,3,3,1,3,1,2,3,2,3,3,3,3.0
53614,3,3,3,3,3,3,3,3,3,3,3,3,3,3.0
24021,3,3,3,2,1,3,3,3,3,3,3,3,3,3.0
24259,3,3,3,2,1,3,3,3,3,3,3,3,3,3.0
24779,3,3,2,2,0,1,1,2,0,1,0,2,3,3.0
26208,3,3,3,3,2,3,3,3,3,3,3,3,3,3.0
28079,3,3,3,3,2,3,1,3,3,3,2,1,3,3.0
33613,2,3,3,2,1,3,3,3,2,3,3,3,3,2.0
35735,3,3,3,3,3,3,3,3,3,3,3,3,3,3.0
35835,3,3,3,2,1,3,3,3,3,3,3,3,3,3.0
36065,3,3,2,2,1,2,3,3,3,3,2,3,3,2.0
37578,3,3,3,3,3,3,3,3,3,3,3,3,3,3.0
38282,3,3,3,3,2,3,1,2,3,1,3,3,3,3.0
39078,3,3,3,3,2,3,3,3,3,3,3,2,3,1.0
40509,3,3,3,3,2,3,3,3,3,3,3,3,3,3.0
45349,3,3,3,2,1,2,3,3,3,2,1,3,3,2.0
45520,3,3,2,3,2,3,3,3,2,2,3,3,3,3.0
48481,3,3,3,3,2,3,3,3,3,2,3,3,3,2.0
49177,3,3,3,3,3,3,3,3,3,3,3,3,3,0.0
49906,3,3,3,3,2,3,3,3,3,3,3,3,3,3.0
52632,3,3,3,3,2,3,3,3,3,3,1,2,3,2.0
26599,3,3,3,2,1,3,3,2,3,2,3,3,3,2.0
32506,2,2,3,1,1,3,0,1,0,1,0,2,3,2.0
35608,3,3,3,3,2,3,3,3,3,3,3,2,3,3.0
35805,3,3,3,3,3,3,3,3,3,3,1,2,3,2.0
43202,3,3,3,3,3,3,3,3,3,3,3,3,3,2.0
24075,3,3,3,2,0,2,3,3,2,2,1,2,3,1.0
26136,3,3,3,2,1,3,2,3,1,2,2,3,3,2.0
30547,3,3,3,3,3,3,3,3,3,3,3,3,3,3.0
30642,3,3,3,2,2,3,3,3,3,2,3,3,3,2.0
33929,3,3,3,3,2,3,2,3,1,2,3,3,3,2.0
37258,3,3,3,3,3,3,3,3,3,3,1,0,3,2.0
42149,3,3,3,3,1,3,3,3,3,3,3,3,3,3.0
45113,3,3,3,3,2,3,3,3,3,3,3,3,3,3.0
46894,3,3,3,3,2,3,3,3,3,3,3,3,3,3.0
49853,3,3,3,3,3,3,3,3,3,3,3,3,3,3.0
50164,3,3,3,3,1,3,2,3,3,3,3,3,3,3.0
51481,3,3,3,3,1,3,3,3,3,3,3,3,3,3.0
51823,3,3,3,3,2,3,1,2,0,1,0,2,3,1.0
51858,3,3,3,2,0,2,2,2,0,2,3,3,3,1.0
24070,3,3,3,3,3,3,3,3,3,3,3,2,3,3.0
24296,2,3,3,3,2,2,2,1,0,1,3,2,3,0.0
26120,3,3,3,3,3,3,0,3,0,1,1,2,3,2.0
26394,3,3,3,3,3,3,3,3,3,3,3,3,3,3.0
26517,3,3,3,3,3,3,3,3,3,3,3,3,3,3.0
27113,3,3,3,3,3,3,3,3,3,3,3,3,3,3.0
28118,2,2,3,1,1,1,0,2,1,1,0,1,3,2.0
30815,3,3,3,3,2,3,3,3,3,2,0,3,3,3.0
31724,3,3,3,3,2,3,3,3,3,2,3,3,3,3.0
33903,3,2,2,1,1,1,0,2,1,1,0,3,3,3.0
35277,1,3,3,2,1,3,2,2,2,2,0,3,3,2.0
35544,3,3,3,3,1,3,3,2,3,1,0,3,3,2.0
38877,3,3,3,3,0,3,3,3,2,2,3,3,3,3.0
44623,3,3,3,3,3,3,3,3,3,3,3,3,3,3.0
46016,3,3,2,2,1,3,2,2,0,2,3,3,3,3.0
46486,2,2,3,1,2,1,0,2,0,1,0,3,3,3.0
48778,3,3,3,2,2,3,3,2,2,1,1,3,3,3.0
52345,3,3,3,2,2,3,1,2,0,2,0,3,3,1.0
53644,3,3,1,2,0,3,3,2,2,3,3,3,3,2.0
33683,3,3,3,3,1,3,3,3,2,2,0,3,3,3.0
34873,3,3,3,3,1,3,3,2,2,2,0,3,3,2.0
37822,3,3,3,3,3,3,3,2,2,1,3,3,3,3.0
38623,3,2,3,2,0,2,1,1,0,1,1,2,3,0.0
41929,3,3,3,3,3,3,3,2,3,2,3,3,3,1.0
42844,3,3,3,3,1,3,3,3,2,2,3,3,3,3.0
49397,3,3,3,2,2,3,3,2,2,1,3,2,3,3.0
49829,3,3,3,3,3,3,3,3,3,3,3,3,3,2.0
52240,3,3,3,3,2,3,3,2,3,3,3,2,3,3.0
29891,3,3,3,3,1,3,2,3,2,3,3,3,3,2.0
34499,3,3,3,3,2,3,3,3,3,3,3,3,3,2.0
35290,3,2,3,2,1,3,0,2,1,1,0,2,3,3.0
37798,3,3,3,3,3,3,3,3,3,3,3,3,3,3.0
42724,3,3,3,3,3,3,3,3,3,2,3,3,3,2.0
44352,3,3,3,3,3,3,3,3,3,3,3,3,3,3.0
46513,2,3,3,2,2,2,0,1,0,1,3,3,3,2.0
51253,3,3,3,3,3,3,3,3,3,3,3,3,3,3.0
26548,3,3,3,3,2,3,3,3,2,3,3,3,3,3.0
33895,3,3,3,3,2,2,1,2,2,2,1,3,3,3.0
49812,3,3,3,2,2,3,3,3,2,2,0,2,3,2.0
29461,2,2,3,1,1,2,2,2,1,2,3,3,3,3.0
26604,2,3,3,2,2,3,0,1,0,1,3,3,3,2.0
29598,3,3,3,3,3,3,1,2,0,2,3,2,3,2.0
33564,3,3,3,3,2,3,3,3,3,3,3,3,3,3.0
33781,3,3,3,3,2,3,3,3,3,2,3,3,3,3.0
34127,3,3,3,3,1,3,3,2,2,2,3,3,3,3.0
34854,3,3,3,3,2,2,3,2,2,3,3,3,3,2.0
33546,3,3,3,3,3,3,3,3,3,3,1,2,3,1.0
41135,3,3,3,3,3,3,3,3,3,3,3,3,3,3.0
17627,3,3,3,2,1,3,0,2,0,2,1,3,3,2.0
24861,3,3,1,3,1,3,2,3,3,3,3,1,3,0.0
26406,3,3,3,2,1,2,2,3,2,2,3,3,3,3.0
26621,3,3,3,2,1,3,3,3,3,3,3,3,3,3.0
29692,3,3,3,3,1,3,1,2,1,1,0,1,3,3.0
33680,2,2,3,2,0,2,0,1,0,1,0,3,3,2.0
33791,3,3,3,3,1,3,3,2,2,3,3,3,3,2.0
44185,3,3,3,3,1,3,3,3,3,3,3,3,3,3.0
46769,3,3,3,2,1,3,1,2,0,1,3,3,3,3.0
47410,2,2,3,1,0,2,1,1,0,1,3,3,3,1.0
47419,3,3,3,3,3,3,3,3,3,3,3,3,3,3.0
49270,2,3,3,2,0,3,2,3,1,2,1,1,3,2.0
50636,3,3,3,3,1,3,3,2,2,2,3,3,3,3.0
50867,2,3,3,2,0,3,2,2,2,2,3,3,3,3.0
52619,3,3,3,3,2,3,3,3,2,3,1,3,3,2.0
26122,3,3,3,3,3,3,1,1,0,1,3,3,3,3.0
26187,3,3,3,3,3,3,3,2,2,3,3,3,3,3.0
28201,3,3,3,3,3,3,3,3,3,3,1,1,3,2.0
30541,3,3,3,3,2,3,3,3,3,3,3,3,3,2.0
38140,3,3,3,3,2,3,3,3,3,3,3,3,3,3.0
39606,3,3,3,2,1,3,3,2,3,2,3,3,3,3.0
52098,2,2,3,2,1,2,1,1,1,1,3,3,3,3.0
52099,3,3,3,3,3,2,3,2,2,1,3,3,3,3.0
44677,3,3,3,3,2,3,3,3,2,3,3,3,3,3.0
24188,3,3,3,3,2,3,2,3,2,2,3,3,3,3.0
26812,3,3,3,3,1,3,3,3,3,2,3,2,3,3.0
29639,3,3,3,2,1,3,1,2,0,0,1,3,3,2.0
52824,3,3,3,2,2,2,3,3,2,2,2,3,3,3.0
26324,3,3,3,3,2,2,3,3,3,2,3,3,3,3.0
32846,3,3,3,2,2,3,3,2,2,2,3,2,3,3.0
40212,3,3,3,3,3,3,3,3,3,3,3,3,3,3.0
52148,3,3,3,3,3,3,3,3,3,1,3,3,3,2.0
53366,3,2,3,1,0,1,3,2,3,3,3,3,3,3.0
28974,0,2,3,1,1,1,0,1,0,0,0,2,3,0.0
45609,3,3,3,3,3,3,3,3,2,3,3,3,3,3.0
45123,3,3,3,3,1,3,3,3,3,3,3,3,3,3.0
26750,3,3,3,3,3,3,3,3,3,3,3,3,3,2.0
47309,3,3,3,3,3,3,3,3,3,3,3,3,3,2.0
29103,3,3,3,3,2,3,2,3,3,3,3,3,3,3.0
37944,2,3,3,1,0,3,3,2,1,1,3,3,3,1.0
31501,0,0,0,0,0,3,0,0,0,0,3,3,0,2.0
33562,0,0,0,0,0,0,0,0,0,0,3,3,0,2.0
29357,0,0,0,0,0,0,0,0,0,0,1,2,0,0.0
33883,2,3,3,1,1,3,1,1,0,1,0,2,3,2.0
30673,3,2,3,2,1,3,0,1,1,1,3,3,3,3.0
53579,1,1,1,2,0,1,0,1,0,1,0,2,3,0.0
46628,3,2,3,3,3,3,0,2,0,2,3,3,3,2.0
29522,3,3,3,3,3,3,3,3,2,3,1,2,3,1.0
30056,2,1,1,0,0,1,0,1,0,0,3,3,3,1.0
24221,3,3,3,3,3,3,2,1,2,0,3,2,3,2.0
26274,0,0,0,0,0,0,0,0,0,0,0,2,0,
16806,3,2,1,2,0,1,0,2,0,1,1,0,3,3.0
40657,3,3,3,2,1,3,3,2,3,2,1,3,3,2.0
42485,3,3,3,3,2,3,3,2,3,2,3,2,3,3.0
16970,3,3,3,2,1,2,0,2,0,2,3,2,1,2.0
31630,3,3,3,2,1,3,1,2,3,1,3,3,3,3.0
32762,3,3,3,2,1,3,3,3,3,3,3,3,3,1.0
33511,2,1,0,1,0,0,0,0,0,0,0,2,1,0.0
51352,2,3,3,1,0,3,3,2,2,0,3,1,3,3.0
19791,3,3,3,2,1,3,0,1,0,1,1,3,3,2.0
20183,3,3,3,2,1,3,3,2,2,2,1,3,1,2.0
20244,3,3,3,2,1,3,2,3,1,2,3,3,3,2.0
27539,3,3,2,3,3,3,2,3,1,2,3,3,3,3.0
27717,3,3,3,1,0,2,3,3,2,3,3,3,3,3.0
27861,3,2,2,2,0,1,2,3,1,3,3,3,3,1.0
31213,3,2,0,1,0,1,1,2,0,1,1,2,1,1.0
31607,3,3,3,2,1,3,3,3,2,2,0,2,3,3.0
31733,3,3,0,1,0,1,1,1,2,1,0,2,1,0.0
31743,3,2,3,2,1,2,1,2,0,1,0,1,3,3.0
31997,3,3,3,2,2,3,3,2,3,1,1,2,3,3.0
32666,1,0,0,0,0,0,0,0,0,0,0,0,3,2.0
33138,3,3,3,2,1,3,3,3,3,3,3,3,3,1.0
33184,3,2,3,1,0,2,0,3,1,2,3,3,3,3.0
41237,3,3,3,2,1,3,2,2,3,3,0,1,3,3.0
42341,3,2,3,2,0,2,0,2,1,1,0,3,3,3.0
51095,3,3,3,3,3,3,2,3,3,3,3,3,3,2.0
52020,3,2,3,1,0,2,2,2,1,1,3,3,3,1.0
52031,3,3,3,3,3,3,3,3,2,3,3,3,3,2.0
52983,3,3,3,3,0,3,0,3,0,2,1,0,3,2.0
16817,2,3,3,1,0,1,2,3,3,3,3,3,3,3.0
19982,3,2,3,1,1,1,0,1,1,1,3,2,3,1.0
31086,3,3,3,1,1,3,3,2,2,1,0,3,3,3.0
31859,3,2,3,0,0,1,1,2,2,2,0,2,3,3.0
32514,3,3,2,1,0,2,2,2,1,2,1,2,3,3.0
32852,3,3,3,3,1,3,3,3,3,3,3,3,3,3.0
41735,3,3,3,2,0,3,3,3,3,3,1,3,3,2.0
16795,3,3,3,3,2,3,0,2,0,2,3,3,3,1.0
17230,3,3,3,3,3,3,0,3,0,2,0,3,3,1.0
20059,3,3,1,2,1,2,1,2,2,2,0,2,3,1.0
20217,2,1,1,1,0,1,1,1,1,1,1,1,0,2.0
22001,3,3,1,3,1,2,3,2,2,2,3,2,3,3.0
26946,3,3,3,3,0,3,3,3,3,3,1,1,3,3.0
26995,3,3,3,3,1,3,3,3,3,3,3,3,3,3.0
27162,3,3,3,3,2,3,3,2,1,3,3,3,3,1.0
27171,3,3,3,3,2,3,2,2,2,1,0,3,3,2.0
27687,3,3,3,3,2,3,3,3,3,3,3,3,3,3.0
27907,3,3,3,3,0,3,2,3,1,2,3,2,3,2.0
29407,3,3,2,1,1,3,3,2,3,2,0,2,3,2.0
29476,3,2,3,1,0,3,2,2,1,1,3,3,3,3.0
29650,3,2,1,2,0,1,0,1,0,1,1,2,3,3.0
29879,3,3,3,2,1,3,3,3,3,3,0,2,3,3.0
30124,3,3,3,2,1,3,3,3,3,3,1,3,3,3.0
30248,3,3,3,3,1,3,3,2,2,2,3,3,3,3.0
30405,3,3,3,2,0,3,3,2,2,2,3,2,3,2.0
30438,3,3,1,2,0,3,2,3,2,3,0,0,3,2.0
30474,3,3,3,3,1,3,3,3,3,3,3,2,3,3.0
30697,2,3,3,1,0,2,3,2,3,2,0,3,3,3.0
30890,3,3,3,3,2,3,3,3,2,3,0,3,3,3.0
30916,3,3,3,3,2,3,3,3,2,3,2,3,3,2.0
30917,3,3,3,3,1,3,3,2,3,2,0,3,3,3.0
30976,3,3,3,2,1,3,3,3,3,3,0,3,3,2.0
31292,2,2,3,1,0,1,2,2,1,1,0,3,3,2.0
31453,3,3,3,3,3,3,3,3,3,3,3,3,3,2.0
31458,3,3,3,2,2,3,3,3,3,3,0,2,3,2.0
31739,3,2,3,1,1,3,3,2,2,2,1,1,3,3.0
31760,3,3,3,3,3,3,3,3,3,3,3,3,3,3.0
31805,3,3,3,3,0,3,3,3,3,3,0,3,3,2.0
31876,3,3,3,3,1,3,3,3,3,3,2,2,3,3.0
31894,3,3,3,3,1,3,3,3,3,3,1,3,3,3.0
31961,3,3,2,3,0,3,3,3,3,3,0,2,3,3.0
32165,3,3,3,2,1,3,3,3,3,3,1,1,3,2.0
32221,3,3,3,3,2,3,3,3,3,3,3,3,3,2.0
32240,3,3,3,2,0,3,2,2,3,3,1,3,3,3.0
32330,3,3,3,3,2,3,3,2,3,3,3,3,3,3.0
32392,3,3,3,0,0,3,3,3,3,2,3,1,3,3.0
32538,3,3,3,1,0,2,2,2,2,2,1,1,3,2.0
32581,3,3,3,3,1,3,3,3,3,3,3,2,3,2.0
32582,3,3,2,1,2,3,2,3,3,3,0,3,3,3.0
32591,2,1,0,1,0,1,0,1,2,0,0,2,3,2.0
32609,3,3,3,3,1,3,0,2,0,1,0,2,3,0.0
32731,3,3,3,3,1,3,1,3,3,3,3,1,3,2.0
32739,3,2,3,2,1,3,3,3,3,2,0,3,3,2.0
32764,2,2,0,0,0,2,2,2,2,3,3,2,3,3.0
32859,2,3,3,2,1,2,0,2,1,2,3,2,3,2.0
33108,3,3,3,3,3,3,3,3,3,3,3,2,3,1.0
33194,2,2,1,0,0,1,0,0,0,0,0,1,1,2.0
33400,3,3,3,3,2,3,1,3,3,3,3,3,3,2.0
33449,3,3,3,3,3,3,3,3,3,3,0,3,3,3.0
33887,3,3,3,1,0,3,2,3,3,2,0,3,3,2.0
34238,3,3,3,2,3,3,3,3,2,3,3,3,3,3.0
34879,2,2,3,1,0,2,0,2,1,0,1,0,3,2.0
35162,2,1,3,0,0,1,1,1,1,1,3,1,3,3.0
35165,3,3,3,2,0,3,3,3,2,2,3,2,3,2.0
35750,3,3,3,3,2,3,3,3,3,2,3,2,3,3.0
36278,3,3,3,3,1,3,3,3,3,3,3,3,3,3.0
37391,3,3,3,3,1,3,3,3,3,3,3,2,3,3.0
37429,3,3,3,3,2,3,3,3,3,2,3,3,3,3.0
38411,3,3,3,3,1,3,3,3,3,3,3,3,3,3.0
38761,2,1,1,1,0,1,2,2,1,1,0,3,3,3.0
38907,3,3,3,3,3,3,3,3,3,3,3,3,3,3.0
38996,3,3,3,3,2,3,3,3,3,3,3,3,3,2.0
39121,3,3,3,3,3,3,3,3,3,3,1,3,3,2.0
39768,3,3,3,3,2,3,3,3,2,3,3,3,3,3.0
39880,3,3,3,2,2,3,3,3,3,3,1,3,3,2.0
39988,3,3,3,3,2,3,3,3,2,1,3,3,3,2.0
40178,3,3,3,3,1,3,3,3,3,3,0,2,3,3.0
40347,3,3,3,3,1,3,3,3,3,3,3,3,3,3.0
40403,3,3,3,3,1,3,3,3,1,3,3,3,3,3.0
40416,3,3,3,3,3,3,3,3,3,3,3,3,3,3.0
40517,3,3,3,3,1,3,3,3,2,3,3,3,3,3.0
40595,2,2,2,1,0,0,2,2,2,2,0,2,3,2.0
40643,3,3,3,2,1,3,3,3,3,3,1,3,3,3.0
40650,3,3,3,2,2,3,3,3,3,3,1,3,3,3.0
40668,3,3,3,3,2,3,2,3,3,3,3,3,3,3.0
40786,3,3,3,3,2,3,3,3,3,3,3,3,3,3.0
40828,3,3,3,1,1,3,1,2,3,3,1,3,3,2.0
40869,3,3,3,1,0,2,3,3,2,2,1,3,3,3.0
40897,3,3,3,2,0,2,3,3,3,3,3,3,3,3.0
40916,3,3,3,3,3,3,3,3,3,3,3,3,3,2.0
40920,3,3,3,2,1,3,3,2,3,3,1,2,3,2.0
40941,3,3,3,3,1,3,3,3,3,3,3,3,3,3.0
41033,3,3,3,2,2,3,2,2,3,2,1,3,3,1.0
41124,3,3,2,2,2,2,2,2,3,2,3,2,3,3.0
41131,3,2,3,2,0,3,3,2,2,3,1,0,3,3.0
41173,3,3,3,0,0,3,3,3,3,3,1,3,3,3.0
41209,3,3,3,3,1,3,3,3,3,3,1,3,3,3.0
41215,3,3,3,2,0,2,0,3,1,1,0,2,3,2.0
41221,3,3,3,2,1,3,3,3,3,2,3,3,3,2.0
41220,3,3,3,2,1,3,3,3,3,3,1,3,3,3.0
41380,3,3,3,3,1,3,3,2,3,2,0,3,3,3.0
41389,3,3,3,1,0,1,3,2,2,2,3,2,3,3.0
41432,3,3,3,3,2,3,3,3,3,2,3,1,3,3.0
41486,2,2,1,1,0,0,1,2,2,2,0,2,3,3.0
41622,3,3,3,2,1,3,1,2,3,2,0,3,3,3.0
41805,2,1,0,0,0,0,1,2,3,1,2,2,1,3.0
41808,3,3,3,3,0,3,1,2,3,2,3,2,3,2.0
41858,3,3,3,3,2,3,3,3,3,3,3,3,3,3.0
41887,3,2,2,1,1,3,1,3,1,3,1,3,3,3.0
41950,3,3,3,3,3,3,3,3,3,3,3,3,3,3.0
41976,3,3,3,3,2,3,3,3,3,3,1,3,3,3.0
42252,3,3,3,2,1,3,2,3,3,3,1,3,3,1.0
42275,3,3,2,2,0,3,1,2,3,3,1,3,3,2.0
42500,3,3,3,2,2,3,3,3,3,3,3,3,3,3.0
42611,3,3,3,3,3,3,3,3,3,3,3,3,3,3.0
42619,3,3,3,3,1,3,3,2,2,1,3,3,3,3.0
42946,3,3,3,2,0,3,0,2,1,1,1,2,3,0.0
43613,3,3,3,2,1,3,3,3,3,3,1,3,3,3.0
43657,3,3,3,3,2,3,3,2,3,2,3,2,3,3.0
43825,3,3,3,3,0,3,3,3,3,3,1,2,3,3.0
44645,3,3,3,3,2,3,3,3,3,3,0,2,3,3.0
45417,3,3,3,3,2,3,3,3,3,3,3,3,3,3.0
45523,3,3,3,1,0,1,2,2,2,2,0,2,1,3.0
45543,3,3,3,3,3,3,3,3,3,3,3,3,3,3.0
45646,3,3,3,2,0,3,2,3,3,3,0,1,3,2.0
45795,3,3,3,2,1,3,0,1,0,1,3,1,3,0.0
46119,3,3,3,2,2,3,3,3,2,3,3,3,3,3.0
46376,3,3,3,2,1,3,1,3,3,3,3,3,3,3.0
46404,3,3,3,2,2,3,3,3,3,3,1,2,3,3.0
46722,3,3,3,3,3,3,3,3,3,3,3,2,3,3.0
46877,3,3,3,1,1,3,3,2,2,1,1,2,3,2.0
47129,3,3,3,3,1,3,3,3,3,3,3,2,3,3.0
47275,3,2,2,1,0,0,0,2,1,3,0,1,3,3.0
47793,3,3,3,2,0,3,3,3,3,3,0,3,3,3.0
48614,3,3,3,3,3,3,2,3,3,3,3,3,3,2.0
49134,3,3,3,3,3,3,3,3,3,3,3,3,3,3.0
49155,3,3,3,3,2,3,3,3,3,3,3,3,3,3.0
49262,3,3,3,3,2,3,3,3,3,3,3,3,3,2.0
49279,3,3,3,3,3,3,3,3,3,3,3,3,3,3.0
49361,3,3,2,3,2,3,3,3,3,3,3,3,3,3.0
49608,3,3,3,3,2,3,3,3,3,3,3,3,3,3.0
50542,3,3,2,1,1,3,3,3,3,3,0,2,3,2.0
51154,3,3,3,3,2,3,3,3,3,3,1,2,3,3.0
51477,3,3,3,3,1,3,3,3,3,3,3,1,3,3.0
51502,2,3,2,1,1,3,2,2,2,2,3,3,3,3.0
51505,3,3,3,3,2,3,2,2,1,2,1,2,3,3.0
51555,3,3,3,3,2,3,3,3,3,3,3,3,3,3.0
51613,3,3,3,1,2,3,2,3,1,3,0,3,3,3.0
51680,3,3,3,2,2,3,3,3,3,2,3,2,3,3.0
51722,3,3,3,2,0,3,3,3,2,2,3,3,3,3.0
51790,3,3,0,2,0,2,2,1,3,1,0,3,3,0.0
51867,3,3,3,1,0,3,3,2,2,2,3,0,3,1.0
51875,3,3,3,3,3,3,3,3,3,3,3,3,3,3.0
52095,3,3,3,3,1,3,2,3,2,2,3,3,3,1.0
52097,3,3,3,2,1,3,3,2,1,2,3,3,3,3.0
52101,3,3,3,2,2,3,3,3,2,2,3,3,3,3.0
52104,3,3,3,2,0,3,3,3,3,3,3,3,3,3.0
52109,3,3,1,2,0,3,3,3,3,3,3,3,3,3.0
52115,3,3,3,3,2,3,3,3,2,2,3,2,3,3.0
52116,3,3,3,2,2,3,3,3,2,2,3,3,3,2.0
52119,3,3,2,1,0,3,1,1,3,2,3,2,3,3.0
52230,3,3,3,2,3,3,1,3,2,2,0,2,3,0.0
52277,3,3,3,3,0,3,3,3,3,3,3,3,3,3.0
52351,3,3,3,3,2,3,2,3,3,3,1,2,3,3.0
52354,3,3,3,3,3,3,3,2,2,2,3,3,3,3.0
52966,2,3,3,1,0,2,0,1,0,0,0,3,1,1.0
52993,2,3,2,0,0,3,1,2,2,2,3,2,3,1.0
53023,3,3,3,2,1,3,3,3,3,3,3,3,3,3.0
53176,3,3,3,2,2,2,1,3,1,2,1,3,3,2.0
53360,3,3,3,3,1,3,2,3,3,3,3,3,3,3.0
53387,3,3,3,1,2,3,3,3,2,2,3,2,3,3.0
53408,3,3,3,3,3,3,2,2,3,2,3,3,3,3.0
53533,3,3,3,3,1,3,3,3,3,3,3,3,3,1.0
53756,3,2,3,2,1,3,2,2,2,2,1,2,3,2.0
53803,3,3,3,2,0,3,3,3,3,3,3,1,3,3.0
54166,3,3,3,3,1,3,3,3,3,3,3,3,3,3.0
30518,0,0,0,0,0,0,0,0,0,0,3,3,0,2.0
46860,3,1,3,2,1,0,0,0,0,0,0,1,0,0.0
27873,0,0,0,0,0,0,0,0,0,0,0,0,0,
32379,3,3,2,2,0,3,1,2,0,1,0,2,0,0.0
48623,3,3,3,2,2,3,3,3,3,3,3,2,3,3.0
51614,3,3,3,2,0,2,2,2,1,2,1,3,3,3.0
32061,3,3,3,3,2,3,0,1,1,1,0,3,3,3.0
42561,3,3,3,3,1,3,3,2,2,3,0,2,3,3.0
44790,3,3,3,2,2,3,2,3,1,2,0,2,3,0.0
45870,3,3,3,3,2,3,3,3,3,3,3,3,3,2.0
50492,2,1,3,1,0,1,0,2,1,1,0,3,3,2.0
50530,3,3,3,2,0,2,0,2,0,1,0,2,3,3.0
51404,3,3,3,3,1,2,1,3,1,2,2,3,3,1.0
51411,2,3,2,2,1,2,0,1,0,1,0,3,3,3.0
51604,3,3,3,3,2,3,3,3,3,3,2,3,3,3.0
53441,3,3,3,3,2,3,2,2,0,2,2,3,3,2.0
26312,3,2,3,2,1,1,0,1,1,1,1,3,3,3.0
26353,2,1,3,1,0,3,0,0,0,0,0,1,0,0.0
26592,3,3,3,2,0,3,0,2,0,1,3,3,3,2.0
27069,3,3,3,3,1,3,2,3,2,2,1,3,3,3.0
30794,3,3,3,3,2,3,3,3,2,3,3,2,3,3.0
31426,2,2,3,1,0,3,0,1,0,2,0,3,1,1.0
32799,3,3,3,3,2,3,2,1,1,1,1,3,3,2.0
33067,3,3,3,3,2,3,2,2,0,0,0,3,3,3.0
35849,3,3,0,2,1,3,1,2,0,1,3,0,3,3.0
41030,3,2,3,2,0,1,0,2,1,2,3,3,3,2.0
41345,3,3,3,1,0,3,1,2,2,2,0,3,3,3.0
41360,2,3,3,2,1,3,3,2,1,1,1,3,3,2.0
42426,3,3,3,1,0,3,3,3,3,3,2,3,3,2.0
42515,3,3,3,3,1,3,3,3,3,3,3,3,3,2.0
44861,2,3,3,2,0,3,0,2,0,2,0,1,3,3.0
45458,3,3,3,3,1,3,3,3,2,3,0,3,3,2.0
48793,3,3,3,1,1,2,2,3,1,1,1,3,1,3.0
48890,3,3,3,3,3,3,3,3,3,2,0,1,3,2.0
49356,3,3,3,3,1,3,2,3,2,2,0,3,3,3.0
51106,3,3,3,1,0,3,2,3,2,3,3,3,1,3.0
52079,3,3,2,2,0,3,2,2,2,3,3,2,3,2.0
52105,3,3,2,1,1,3,3,3,3,3,3,2,3,1.0
53748,3,3,3,1,0,3,3,3,3,3,3,3,3,3.0
41335,3,3,1,2,0,2,0,1,0,1,0,3,1,2.0
46947,3,3,2,0,0,2,0,1,0,1,0,2,3,2.0
23102,1,0,1,0,0,0,0,0,0,0,0,2,1,0.0
24238,2,2,1,2,0,1,0,1,0,1,3,1,3,1.0
24249,3,3,3,2,1,3,0,3,1,2,1,1,1,2.0
24392,2,3,3,2,0,3,0,2,1,2,0,2,3,3.0
24416,3,3,3,2,0,1,1,2,1,1,1,1,3,3.0
24474,2,1,2,2,0,0,0,0,0,0,1,1,3,1.0
24565,3,3,3,3,1,3,0,1,0,0,1,1,3,3.0
26290,3,3,3,3,1,3,3,3,3,3,3,3,3,3.0
26301,3,3,3,3,1,3,1,3,2,3,3,2,3,2.0
26590,3,3,3,3,1,3,3,3,3,3,3,3,3,3.0
26686,3,3,3,2,1,3,2,3,2,3,0,3,3,1.0
26829,3,3,3,3,1,3,3,3,3,3,3,3,3,3.0
26860,3,3,3,3,2,3,3,3,2,3,3,3,3,3.0
26867,3,3,3,2,0,3,3,3,2,3,3,3,3,2.0
26878,3,3,3,2,0,3,3,3,3,3,0,1,3,3.0
27003,3,3,3,2,1,3,2,3,1,3,3,1,3,3.0
27080,3,2,3,2,0,2,0,2,1,1,0,2,3,3.0
27150,3,3,3,3,1,3,3,3,2,3,3,3,3,3.0
27266,3,3,3,3,1,3,3,3,3,3,3,3,3,3.0
27376,3,3,3,3,3,3,3,3,3,3,3,3,3,3.0
27640,3,3,3,1,1,3,3,3,2,3,3,3,3,3.0
28763,3,3,3,2,0,3,3,3,3,3,1,3,3,3.0
29275,3,3,3,3,2,3,1,3,3,3,3,3,3,3.0
30080,1,1,3,2,0,1,0,1,0,0,3,2,1,0.0
30322,3,3,3,3,0,3,3,2,2,3,2,2,3,3.0
30948,3,2,3,2,0,0,0,1,0,0,0,2,1,2.0
31564,3,2,3,2,1,2,0,2,0,2,0,3,1,3.0
31708,3,3,3,3,1,3,3,2,1,3,0,3,3,3.0
31888,3,3,3,2,0,2,3,2,2,2,0,3,3,2.0
32291,3,3,3,3,2,3,2,1,0,1,0,2,3,3.0
32725,3,3,3,3,2,3,1,3,3,3,3,2,3,3.0
32825,3,3,3,2,1,3,2,1,2,1,0,3,3,3.0
33273,3,3,3,3,0,3,3,3,3,3,2,3,3,3.0
33367,3,3,3,2,1,3,3,3,2,2,3,2,3,3.0
33488,3,2,3,2,0,3,0,2,0,2,0,2,3,2.0
33503,3,3,3,2,0,3,2,3,1,3,0,3,3,3.0
33599,3,3,3,1,0,3,3,3,2,3,1,3,3,3.0
33600,2,0,2,0,0,1,0,2,1,2,0,1,1,0.0
33737,3,3,3,1,0,3,2,3,2,2,3,3,3,3.0
33787,3,3,3,2,1,3,0,3,1,2,0,2,3,3.0
33924,3,2,2,1,0,2,0,2,0,2,1,2,1,0.0
33926,3,3,3,2,0,3,1,3,2,2,1,3,3,2.0
34052,3,3,3,2,0,3,2,3,2,3,3,3,3,1.0
34053,3,3,3,2,1,3,2,3,2,3,3,3,3,2.0
34140,3,3,3,2,0,3,3,3,3,3,3,3,3,3.0
34299,3,3,3,1,0,3,3,3,3,3,3,3,3,2.0
34806,3,3,3,2,2,3,3,3,3,3,0,3,3,3.0
35118,3,3,3,3,2,3,3,3,3,2,0,3,3,3.0
35138,3,1,1,0,0,1,0,2,1,1,0,3,1,2.0
35522,3,3,3,2,0,3,3,3,3,3,0,3,3,2.0
35545,3,3,3,2,0,3,3,3,3,3,3,2,3,3.0
35547,3,3,3,2,1,3,1,3,2,3,3,3,3,3.0
35557,3,3,3,3,2,3,3,3,3,3,1,3,3,3.0
35882,3,3,3,3,2,3,3,3,3,3,3,3,3,3.0
35935,3,3,3,3,3,3,3,3,3,3,0,3,3,2.0
36026,3,3,3,2,2,3,1,3,0,2,3,2,3,3.0
36061,3,3,3,3,1,3,3,2,3,1,0,3,3,3.0
36188,3,3,3,3,1,3,3,3,3,3,3,3,3,2.0
37655,3,3,3,3,1,3,3,3,3,3,3,3,3,3.0
38447,3,3,3,2,2,3,3,3,3,3,0,3,3,3.0
38476,3,3,3,3,2,3,3,3,3,3,3,3,3,3.0
38740,3,3,3,3,2,3,2,3,3,3,0,2,3,2.0
39115,3,3,3,3,2,3,3,3,3,3,3,3,3,3.0
39344,3,3,3,3,0,3,3,3,3,3,3,3,3,3.0
39365,3,3,3,3,3,3,3,3,3,3,3,3,3,3.0
39707,2,3,3,2,0,2,0,1,0,1,0,2,3,0.0
39861,3,3,3,3,0,3,3,3,3,3,3,3,3,2.0
39903,3,3,3,2,0,2,3,3,3,3,1,3,3,3.0
40615,3,3,3,3,1,3,3,3,3,3,1,3,3,3.0
40655,3,3,3,2,1,3,2,3,2,2,3,3,3,3.0
40867,3,3,3,2,0,3,3,3,2,3,2,3,3,3.0
41057,3,3,3,3,2,3,3,3,2,3,0,3,3,3.0
41151,3,3,3,3,1,3,2,3,2,3,1,3,3,3.0
41190,3,3,3,2,0,3,3,2,2,2,1,3,3,3.0
41200,3,3,3,3,2,3,3,3,3,3,1,3,3,3.0
41384,3,3,3,2,2,1,0,2,0,1,0,2,3,3.0
41465,3,3,3,2,1,3,0,2,0,2,0,3,3,1.0
41473,3,3,3,3,2,3,3,3,3,3,3,3,3,3.0
41536,3,2,2,2,0,3,0,2,0,1,0,3,1,3.0
41671,3,3,3,3,2,2,1,2,1,2,0,3,3,1.0
41862,3,3,3,3,3,3,3,3,3,3,2,3,3,2.0
41898,3,3,3,2,1,3,3,2,2,2,0,2,3,2.0
42261,3,3,3,3,2,3,2,3,3,3,0,3,3,3.0
42340,3,3,3,3,1,3,3,3,2,3,0,3,3,3.0
42348,3,3,2,3,0,3,3,3,3,3,3,3,3,2.0
42455,3,3,3,2,0,3,3,3,3,3,3,3,3,3.0
42521,3,3,3,3,1,3,2,3,3,3,3,3,3,3.0
42598,3,3,3,3,2,3,2,3,3,3,3,3,3,2.0
42604,3,3,3,3,2,3,3,3,3,3,3,3,3,2.0
42614,3,3,3,3,1,3,3,3,3,3,3,3,3,3.0
42677,3,3,3,3,2,3,3,3,3,3,0,3,3,3.0
43325,3,3,3,3,2,3,3,2,3,3,2,3,3,3.0
43847,3,3,3,2,0,3,3,3,3,3,3,3,3,2.0
43871,3,3,3,2,1,3,3,2,3,3,3,3,3,3.0
44656,3,2,3,2,0,3,1,2,1,2,0,3,3,2.0
44675,3,3,2,3,1,3,3,2,2,2,1,2,3,3.0
44699,3,3,3,2,1,3,3,3,2,2,1,3,3,2.0
44744,3,3,3,3,1,3,3,3,3,3,3,3,3,3.0
45320,3,3,3,2,2,3,3,3,2,3,1,3,3,2.0
45494,3,2,2,1,0,2,0,3,1,2,3,3,0,0.0
46353,3,3,3,3,2,3,3,3,3,3,3,3,3,3.0
46650,3,3,3,3,1,3,3,3,3,3,3,3,3,3.0
46803,3,3,2,3,1,3,3,3,3,2,3,2,3,2.0
46924,3,3,3,3,1,3,2,3,2,3,0,0,3,3.0
46987,3,3,3,3,0,2,0,3,0,3,0,3,1,0.0
47005,2,3,3,2,2,2,0,1,0,0,3,3,3,0.0
47140,3,3,3,2,0,3,1,2,1,1,1,3,3,3.0
47184,3,3,3,3,2,3,3,3,3,3,3,3,3,3.0
47238,3,3,3,2,0,2,1,2,0,1,0,2,3,1.0
47253,3,3,3,3,2,3,2,2,1,1,0,2,3,2.0
47508,3,3,3,3,0,3,3,3,3,3,3,3,3,3.0
47700,3,3,3,3,0,3,3,3,3,3,3,3,3,2.0
47992,3,3,2,3,0,3,1,3,3,3,0,2,3,3.0
48143,3,3,3,1,0,3,1,2,2,3,3,3,3,3.0
48709,3,3,3,3,1,3,3,3,3,3,3,3,3,3.0
48845,3,3,3,2,1,2,3,3,2,3,3,3,3,2.0
49076,3,3,3,2,0,2,3,2,2,2,3,2,3,2.0
49081,3,3,2,3,1,3,3,3,3,3,1,3,3,2.0
49113,3,3,3,2,0,3,0,3,0,1,1,3,3,3.0
49239,3,3,3,3,1,3,3,3,3,3,0,3,3,3.0
49251,2,2,3,2,0,3,0,1,0,0,0,3,1,3.0
49336,3,3,2,2,0,2,0,2,0,2,0,2,1,3.0
49348,3,3,3,2,2,3,3,3,2,3,3,3,3,2.0
49444,3,3,3,2,1,2,0,3,1,1,0,3,3,2.0
49488,3,3,3,3,3,3,3,3,2,2,3,3,3,3.0
49638,3,3,3,3,2,3,3,2,3,3,3,2,3,1.0
49665,3,3,3,3,1,3,3,3,3,3,0,3,3,2.0
49959,3,3,3,2,1,3,2,2,2,1,3,2,3,0.0
50227,3,3,3,3,0,3,3,3,3,3,3,3,3,3.0
50588,3,3,1,2,0,2,2,2,1,2,2,3,3,3.0
50616,3,3,2,2,0,3,2,2,1,2,0,3,3,2.0
50670,3,3,3,2,0,3,3,2,2,3,0,2,3,3.0
50760,3,3,2,2,0,3,2,2,1,2,0,3,3,3.0
50936,3,3,3,3,1,3,3,3,3,3,0,2,3,3.0
51001,3,2,2,2,0,1,0,2,0,1,3,3,1,2.0
51035,3,3,3,2,0,1,0,1,0,2,0,3,0,0.0
51100,3,3,3,3,1,3,3,3,3,3,3,3,3,3.0
51193,3,3,3,2,1,3,3,3,3,3,3,3,3,3.0
51257,2,1,3,1,0,1,2,2,3,2,3,3,3,3.0
51276,3,3,3,3,3,3,3,3,3,3,3,3,3,2.0
51349,2,1,1,1,0,1,0,1,0,0,0,3,3,3.0
51372,3,3,3,3,3,3,3,2,0,0,0,2,3,3.0
51623,3,3,3,3,0,3,3,3,3,3,3,3,3,3.0
51739,3,3,3,2,1,3,3,3,2,3,1,3,3,2.0
52045,3,3,3,3,3,3,3,3,3,3,3,3,3,2.0
52056,3,2,3,1,0,2,2,3,1,2,3,2,3,3.0
52093,3,3,3,2,2,3,3,3,3,2,1,3,3,3.0
52107,3,3,3,2,2,3,3,3,2,3,3,3,3,3.0
52118,3,3,3,2,0,3,3,2,3,1,3,2,3,3.0
52256,3,3,3,3,3,3,3,3,3,3,3,3,3,2.0
52398,3,3,3,3,2,3,2,3,2,3,0,2,3,2.0
52450,3,3,3,3,1,3,3,2,2,1,3,3,3,1.0
52621,3,3,3,3,1,3,3,3,3,3,1,3,3,1.0
53044,3,3,3,2,1,3,3,2,2,3,0,2,3,3.0
53173,3,3,2,2,1,3,3,3,2,3,3,3,3,3.0
53224,3,3,3,1,0,3,2,2,1,2,3,3,3,3.0
53226,3,3,3,3,1,3,3,3,3,2,3,3,3,1.0
53232,3,3,3,1,0,3,3,2,2,3,3,1,3,2.0
53241,3,2,3,2,0,1,3,1,2,1,3,3,3,3.0
53255,3,3,3,2,1,3,2,3,2,2,1,3,3,3.0
53627,3,3,3,3,2,3,3,3,2,3,0,3,3,3.0
53628,3,3,3,3,3,3,3,3,3,3,0,2,3,3.0
53701,3,3,3,3,1,3,3,3,3,3,0,3,3,2.0
53751,3,2,3,2,0,2,0,1,0,1,0,2,3,2.0
41148,3,3,3,2,1,3,1,1,0,3,0,2,1,0.0
17822,3,3,3,2,1,3,3,2,2,3,3,1,3,3.0
31882,3,3,3,3,0,3,3,3,3,3,3,3,3,2.0
32508,3,3,3,3,0,3,2,3,3,3,3,3,3,2.0
32622,3,2,3,1,0,1,0,1,1,1,0,1,3,2.0
35759,3,3,3,2,2,3,2,3,3,3,3,3,3,0.0
37537,3,3,3,3,2,3,3,3,3,3,3,3,3,2.0
40943,3,3,1,2,0,2,3,3,3,3,3,3,3,2.0
41063,3,3,3,2,1,1,3,3,3,3,1,2,3,3.0
41802,3,3,3,3,0,3,3,3,3,3,3,3,3,3.0
41854,3,3,2,1,0,1,3,3,2,2,3,2,3,3.0
44203,3,3,3,3,3,3,3,3,3,3,1,3,3,3.0
46349,3,3,3,3,1,3,3,3,3,3,1,3,3,3.0
47881,3,3,3,3,3,3,3,3,1,3,3,3,3,0.0
49110,3,3,3,3,2,3,3,3,3,3,3,3,3,3.0
49939,3,3,3,3,2,3,3,3,2,3,0,3,3,3.0
50802,3,3,3,3,3,3,3,3,3,3,3,3,3,3.0
51090,3,3,3,3,2,3,3,3,3,3,3,3,3,2.0
52108,3,3,3,2,2,3,3,3,3,3,3,3,3,2.0
52125,3,3,3,2,1,3,3,3,2,2,0,3,3,2.0
28074,3,3,2,2,0,3,3,2,2,2,1,1,0,0.0
29043,3,3,3,3,2,3,2,3,3,3,3,3,3,3.0
30850,3,3,3,2,1,1,3,2,3,2,0,3,3,3.0
30954,3,3,1,1,0,2,3,2,3,2,1,2,3,2.0
35337,3,3,3,2,1,3,3,2,2,2,3,3,3,3.0
36251,3,3,3,3,2,3,2,3,1,3,3,3,3,0.0
39030,3,3,3,1,0,3,3,3,2,2,1,3,3,2.0
39640,3,3,3,3,3,3,3,3,3,3,1,2,3,3.0
40691,3,3,3,1,1,3,3,3,3,3,0,3,3,3.0
31049,3,3,3,2,0,2,1,3,2,2,1,2,3,1.0
32947,3,3,3,3,1,3,3,3,3,3,3,3,3,3.0
33073,3,3,3,2,0,3,3,3,3,3,3,3,3,3.0
33655,3,3,3,3,1,3,3,3,3,3,0,3,3,3.0
35287,3,3,3,3,1,3,3,2,3,3,2,3,3,3.0
41168,3,3,3,3,2,3,3,3,2,3,3,3,3,3.0
41358,3,3,3,3,1,3,3,3,3,3,3,3,3,1.0
47281,3,3,3,3,2,3,3,3,3,3,2,3,3,2.0
48506,3,3,3,3,2,3,3,3,3,3,3,3,3,3.0
52410,3,3,3,3,1,1,2,1,0,1,0,2,3,0.0
52831,3,3,3,3,3,3,3,3,3,3,0,2,3,2.0
34144,3,3,3,3,3,3,3,3,3,3,0,2,3,2.0
34853,3,3,3,3,2,3,3,2,3,3,3,3,3,3.0
34987,3,3,3,3,2,3,2,2,3,3,1,3,3,3.0
38717,3,3,3,3,0,3,3,3,3,3,3,3,3,2.0
41626,3,3,3,3,0,3,3,3,3,3,3,3,3,3.0
41906,3,3,3,3,1,3,3,3,3,3,2,3,3,2.0
51620,3,3,1,3,2,3,3,3,3,3,3,3,3,3.0
41489,3,3,3,2,2,3,3,2,3,3,1,3,3,1.0
41963,3,3,3,1,0,3,3,3,3,3,3,2,3,3.0
52085,3,3,3,3,2,3,3,3,3,3,3,3,3,2.0
13961,3,3,3,1,0,2,2,3,1,2,3,3,3,3.0
31042,3,3,3,3,2,3,3,3,3,3,3,3,3,3.0
32200,3,3,3,2,1,3,3,3,3,3,3,3,3,3.0
33408,3,3,3,3,2,3,3,3,2,3,3,2,3,2.0
34320,3,3,3,2,1,3,3,3,3,3,3,3,3,2.0
34475,3,3,3,3,3,3,3,3,3,3,3,3,3,2.0
38537,3,3,3,2,2,3,2,3,3,3,3,3,3,2.0
40885,3,3,3,3,0,3,3,3,3,3,3,3,3,3.0
41960,3,3,3,3,1,3,3,3,3,3,3,1,3,3.0
43815,3,3,3,3,2,3,3,3,3,3,3,0,3,2.0
44930,3,3,3,0,0,1,2,2,2,2,0,3,3,3.0
48215,3,3,3,2,0,3,2,3,2,2,3,1,3,3.0
50305,3,3,3,3,3,3,3,3,3,3,3,1,3,3.0
50438,3,3,3,2,0,3,3,3,3,2,3,3,3,2.0
52808,3,3,3,3,2,3,3,3,3,2,3,3,3,1.0
37751,3,3,3,3,2,2,2,3,2,2,3,3,3,2.0
38719,3,3,3,2,0,3,3,3,3,3,3,3,3,3.0
41366,3,3,2,3,1,3,3,3,3,3,3,3,3,3.0
41851,3,3,3,1,1,2,3,3,2,2,3,3,3,3.0
45325,3,3,3,3,1,3,3,3,3,3,3,3,3,3.0
31977,3,3,3,3,1,3,2,2,3,3,3,3,3,3.0
32418,3,3,3,3,1,3,3,3,3,3,3,3,3,3.0
32896,3,3,3,3,3,3,3,3,3,3,3,3,3,3.0
34131,3,3,3,2,0,2,3,3,3,3,3,1,3,1.0
38143,3,3,3,3,1,3,3,3,3,3,3,3,3,2.0
39541,3,3,3,2,2,2,2,3,3,3,3,3,3,3.0
39709,3,3,3,3,2,3,3,3,3,3,3,3,3,3.0
39728,3,3,3,2,1,3,3,3,3,3,3,3,3,2.0
41481,3,3,3,3,0,3,3,3,3,3,3,3,3,2.0
45233,3,3,3,3,3,3,3,3,3,3,3,3,3,2.0
50615,3,3,3,3,0,3,3,3,3,3,0,3,3,2.0
50995,3,3,3,3,3,3,3,3,3,3,3,3,3,3.0
52120,3,3,3,2,1,3,3,3,3,3,3,3,3,3.0
52720,3,3,3,1,1,3,3,3,3,3,3,3,3,2.0
53276,3,3,3,2,2,3,3,3,2,3,3,3,3,3.0
53763,3,3,3,3,2,3,3,3,1,3,3,3,3,2.0
25755,3,3,3,3,3,3,3,3,3,3,3,3,3,2.0
26929,3,3,3,2,0,3,3,2,1,1,1,3,3,2.0
27606,3,3,3,3,3,3,3,3,3,3,3,3,3,3.0
35433,3,3,3,3,3,3,3,3,3,3,3,3,3,3.0
40819,3,3,3,3,2,3,3,3,3,3,1,3,3,3.0
41717,3,3,3,3,3,3,3,3,3,3,3,2,3,3.0
46307,3,3,3,3,1,3,3,3,3,3,3,3,3,3.0
48111,3,3,3,3,1,3,1,2,2,1,3,3,3,1.0
50192,3,3,3,3,1,3,3,3,3,3,1,3,3,2.0
50433,3,3,3,3,2,3,3,3,3,2,3,3,3,2.0
21004,3,3,3,3,0,2,2,3,1,3,3,3,3,0.0
40612,3,3,3,3,2,3,3,3,3,3,3,3,3,3.0
45061,3,3,3,3,1,3,3,3,3,3,1,3,3,1.0
48184,3,3,3,2,0,2,1,3,1,3,3,3,1,0.0
53337,3,3,3,3,3,3,3,3,3,3,0,3,3,2.0
13956,3,3,3,2,0,1,1,3,1,1,1,3,3,0.0
17687,3,3,2,2,0,1,1,2,1,2,0,3,3,2.0
17793,3,3,3,2,1,2,3,2,1,2,3,3,3,1.0
22799,3,3,3,3,2,3,3,3,3,3,2,2,3,2.0
29003,3,3,3,2,0,3,3,3,2,3,0,3,3,2.0
30464,3,3,2,3,1,3,3,3,1,2,0,2,3,3.0
31731,3,3,3,3,1,2,3,3,3,3,0,3,3,3.0
35637,3,3,3,2,0,2,1,3,1,2,0,3,1,0.0
41160,3,3,3,3,2,3,3,3,2,2,3,3,3,2.0
42290,3,3,3,3,1,3,3,3,3,3,1,3,3,2.0
47190,3,3,3,1,1,1,0,3,0,2,3,2,3,3.0
47316,3,3,3,3,1,2,2,3,1,3,1,3,3,0.0
47506,3,3,3,3,1,3,3,3,1,3,1,3,3,2.0
48764,3,3,3,3,3,2,1,3,1,2,3,3,3,0.0
51758,2,2,3,1,0,0,0,2,0,2,0,3,3,2.0
52302,3,3,3,3,1,1,0,1,0,1,1,3,3,2.0
52924,3,3,3,3,2,2,1,3,0,3,3,3,3,0.0
36099,3,3,2,2,0,1,2,3,1,1,3,3,3,2.0
37247,3,3,3,1,0,1,0,2,0,1,2,3,0,1.0
41740,3,3,3,3,1,3,3,3,3,3,1,2,3,3.0
42243,3,3,3,3,1,3,3,2,3,2,2,3,3,2.0
46132,3,3,3,3,3,3,3,2,1,2,1,2,3,2.0
50080,3,3,3,1,0,2,3,3,2,3,1,2,3,3.0
30749,3,3,3,3,2,3,3,2,1,2,3,3,3,0.0
32147,3,3,3,3,2,3,3,3,3,3,3,3,3,3.0
38419,3,3,3,3,1,3,3,1,1,1,3,2,3,3.0
41231,3,3,3,2,0,3,3,3,3,3,3,3,3,3.0
41338,3,3,3,3,3,3,3,3,2,2,3,3,3,2.0
41532,3,3,2,1,0,1,3,3,2,2,3,3,3,2.0
45506,3,3,1,2,0,2,3,3,2,2,3,3,3,2.0
49022,3,3,3,3,2,3,3,3,2,3,3,3,3,3.0
50273,3,3,3,3,0,3,3,3,3,3,0,3,3,3.0
52231,3,3,3,1,1,3,3,3,3,3,3,1,3,2.0
53502,3,3,3,2,0,3,3,3,3,3,1,3,3,3.0
53647,3,3,3,2,0,3,3,3,3,3,2,3,3,2.0
53656,3,3,3,3,1,3,3,3,3,3,3,3,3,3.0
35168,3,3,3,3,1,3,3,3,3,3,3,3,3,2.0
41252,3,3,3,2,1,3,2,3,3,3,0,3,3,3.0
41312,3,3,3,2,0,3,3,3,3,3,3,3,3,3.0
19777,3,3,3,3,0,3,3,3,2,3,0,1,3,2.0
20523,2,2,3,2,0,1,0,3,0,1,0,2,3,0.0
20626,3,3,3,1,0,2,1,3,1,2,0,1,3,0.0
27164,3,3,3,3,3,3,3,3,1,1,0,1,3,3.0
27849,3,3,3,2,1,3,1,3,1,2,0,3,3,0.0
27877,1,1,0,1,0,0,0,1,0,0,1,1,3,0.0
29680,3,2,3,2,0,2,1,2,2,2,0,3,3,2.0
32116,3,3,2,2,2,3,3,3,2,2,0,1,3,3.0
34893,3,3,3,2,0,3,2,1,0,1,0,2,3,0.0
38533,3,3,3,3,3,3,3,3,3,3,2,3,3,2.0
41106,3,3,3,2,1,3,3,3,3,3,3,3,3,3.0
41537,3,3,3,2,0,3,3,3,3,3,3,3,3,3.0
42194,3,3,3,1,0,2,3,3,3,3,3,3,3,3.0
43959,3,3,3,3,2,3,3,3,2,3,1,2,3,1.0
44099,3,3,3,3,3,3,3,3,3,3,3,3,3,3.0
45319,3,3,2,2,1,3,3,3,3,3,0,3,3,2.0
46719,3,3,3,3,1,3,3,3,3,3,3,1,3,3.0
50856,3,3,3,3,2,3,3,3,2,3,3,3,3,0.0
51164,3,3,3,2,0,3,3,3,3,3,3,3,3,2.0
27754,2,1,3,2,0,0,0,2,0,0,3,2,3,0.0
30880,3,2,2,1,0,2,1,2,0,1,0,2,3,1.0
33499,3,3,3,2,0,2,0,2,0,1,0,1,3,0.0
33863,3,3,2,1,0,2,2,1,2,2,0,1,3,3.0
35160,3,3,2,1,1,2,3,3,1,2,2,1,3,3.0
40816,3,3,3,2,1,3,3,3,3,3,3,3,3,2.0
43273,3,3,3,1,0,2,3,3,2,3,3,3,3,2.0
43346,3,3,3,3,1,3,3,3,3,3,3,3,3,2.0
44156,2,1,3,3,1,1,0,3,0,1,0,2,3,2.0
44450,3,3,3,2,1,3,3,3,2,3,1,1,3,3.0
46407,3,3,3,3,1,3,3,3,3,1,3,3,3,3.0
51561,3,3,3,2,1,2,1,2,0,0,3,2,3,0.0
51669,3,3,3,3,2,3,3,3,3,3,0,3,3,2.0
53186,3,3,3,3,2,3,3,3,2,2,2,3,3,1.0
53401,3,3,3,3,1,3,2,3,2,2,3,3,3,2.0
33014,3,3,3,3,1,3,3,3,3,2,3,3,3,3.0
38551,3,3,3,3,0,1,1,3,0,3,0,2,3,0.0
45509,3,3,2,2,1,1,1,3,1,2,3,3,3,1.0
32511,3,3,2,1,0,2,2,2,1,1,3,1,3,3.0
40810,3,3,3,2,1,3,3,3,3,3,3,3,3,2.0
48600,3,3,3,3,3,3,3,3,1,3,3,3,3,2.0
24881,3,3,3,3,3,2,1,3,1,2,3,3,3,0.0
27742,3,2,2,1,0,0,0,1,0,0,1,1,1,0.0
40477,3,3,3,2,1,2,2,2,0,2,1,2,3,0.0
23145,3,3,3,3,3,3,3,3,1,2,0,2,3,3.0
38885,3,3,3,2,0,3,3,3,3,3,3,3,3,3.0
50027,3,3,3,1,0,3,3,3,3,2,1,3,3,3.0
16375,3,3,3,3,2,3,3,2,1,3,3,3,3,2.0
33303,3,3,3,3,2,1,2,3,1,2,2,3,3,0.0
34913,3,3,3,2,0,1,2,3,0,2,2,2,3,2.0
32118,3,3,3,2,1,3,3,1,3,3,1,3,3,1.0
51828,3,3,3,1,1,3,3,2,2,1,3,2,3,3.0
31877,3,3,3,2,2,3,3,3,3,3,3,3,3,2.0
37392,2,1,3,1,0,0,1,1,0,1,1,2,3,0.0
53571,3,3,3,3,2,2,0,1,0,0,0,3,3,1.0
43839,3,1,0,1,0,0,0,1,0,1,2,3,0,3.0
50472,3,3,3,3,1,2,0,3,0,1,0,3,3,0.0
50630,3,3,3,3,2,3,3,3,3,3,2,3,3,1.0
41757,3,3,2,2,0,3,3,3,2,2,0,3,3,1.0
33569,3,3,3,3,2,3,3,2,2,2,3,3,3,3.0
34115,3,3,3,2,0,2,0,2,0,2,0,2,3,2.0
40555,3,2,3,3,1,2,0,3,0,1,2,3,0,0.0
40753,3,2,3,3,1,3,0,2,0,2,0,1,1,3.0
45222,3,3,3,3,2,1,0,2,0,0,0,3,1,2.0
51387,0,0,0,0,0,0,0,0,0,0,1,3,0,2.0
52191,2,1,3,1,0,0,0,0,0,0,2,1,3,0.0
24191,3,2,3,1,1,1,2,3,2,3,1,2,3,2.0
26304,3,3,3,3,0,3,3,3,3,3,0,3,3,3.0
26872,3,3,3,2,0,3,3,2,2,3,0,1,3,3.0
27005,3,3,3,3,2,3,2,2,2,3,0,1,1,2.0
27416,3,3,3,3,0,3,3,2,3,3,3,2,3,0.0
27543,3,3,3,3,1,2,3,3,3,3,3,3,3,3.0
30059,3,3,2,2,1,3,3,3,3,3,3,3,3,1.0
30215,3,3,3,3,2,3,3,3,3,3,1,2,3,2.0
30907,3,3,3,3,1,3,3,2,3,3,0,3,3,2.0
32973,3,3,3,2,1,3,2,3,1,3,0,1,3,1.0
33814,3,3,3,2,0,3,3,3,3,3,2,2,3,3.0
33945,3,3,1,3,1,2,2,2,1,2,2,2,3,0.0
34170,3,3,3,3,2,3,3,3,3,3,0,3,3,2.0
34509,3,3,3,3,1,3,3,3,3,3,0,3,3,2.0
34788,3,3,3,2,2,3,3,3,3,2,0,3,3,3.0
34837,3,2,3,1,0,3,2,2,2,3,0,1,3,3.0
35369,3,3,3,3,0,3,3,3,3,3,3,3,3,3.0
35939,3,3,3,3,2,3,1,3,3,3,1,3,3,3.0
37860,3,3,3,3,1,3,3,3,3,3,3,3,3,3.0
38793,3,3,3,2,1,3,3,3,3,3,0,2,3,3.0
39888,3,3,3,3,0,3,3,3,3,3,3,3,3,2.0
46700,3,3,3,3,1,3,3,3,3,3,3,2,3,3.0
47021,3,3,3,3,1,2,2,3,1,2,3,3,3,2.0
51465,3,3,3,2,1,3,3,3,3,3,0,2,3,3.0
52633,3,3,3,3,2,3,3,3,3,3,3,3,3,3.0
53420,3,3,3,2,1,3,3,3,3,3,0,3,3,3.0
13116,3,2,2,1,0,1,2,2,2,2,0,3,3,2.0
26356,3,3,3,2,1,3,3,3,3,3,3,3,3,3.0
35854,3,3,3,1,0,3,3,2,2,3,0,2,3,3.0
53045,3,3,3,2,0,3,3,3,3,3,3,3,3,3.0
20932,3,3,3,3,1,3,3,3,3,3,3,1,3,3.0
27325,3,3,3,2,0,3,3,3,3,3,3,3,3,3.0
31059,3,3,3,2,1,3,3,2,3,2,0,3,3,3.0
33795,3,3,3,2,1,3,3,3,3,3,2,3,3,3.0
34034,3,3,3,3,1,3,3,3,3,3,1,3,3,3.0
34516,3,3,3,3,2,3,3,3,3,3,0,3,3,3.0
34702,3,3,3,1,1,1,3,3,2,3,1,3,3,3.0
34843,3,3,2,3,0,3,3,3,3,3,3,0,3,2.0
37144,3,3,3,3,2,3,3,3,3,3,3,3,3,3.0
37357,3,3,3,3,2,3,2,3,2,3,3,3,3,2.0
44466,3,3,3,3,2,3,3,3,3,3,2,2,3,0.0
47078,3,3,2,3,2,3,2,2,2,2,3,2,1,2.0
47414,3,3,3,3,2,3,2,3,3,3,0,3,3,1.0
48848,3,3,3,3,1,3,3,3,3,3,3,3,3,2.0
51430,3,3,3,2,1,3,3,3,3,3,0,2,3,2.0
27415,3,3,3,1,0,3,3,2,3,2,0,1,3,3.0
13107,3,3,3,2,1,2,2,2,2,3,0,1,3,3.0
17786,3,3,3,1,2,2,1,2,1,1,0,1,3,1.0
26500,3,3,3,2,1,3,2,2,3,2,1,2,3,3.0
26613,3,3,3,1,1,3,3,3,2,3,0,2,3,3.0
27024,3,3,3,3,2,3,3,3,3,3,0,2,3,3.0
27615,3,3,3,3,2,3,3,3,3,3,3,3,3,3.0
27824,3,3,3,2,2,2,1,2,1,2,0,3,3,3.0
28488,3,3,3,1,1,3,3,3,3,3,3,3,3,3.0
34502,3,3,3,3,1,3,2,3,2,2,3,3,3,3.0
34624,3,3,3,1,1,2,3,3,2,2,2,3,3,3.0
37485,3,3,3,3,1,3,3,3,3,3,2,3,3,2.0
37674,3,3,3,3,0,3,3,3,3,3,3,3,3,3.0
39907,3,3,3,3,2,3,3,3,3,3,3,3,3,3.0
46390,3,3,3,3,3,3,3,3,3,3,2,3,3,3.0
50834,3,3,2,1,0,2,2,2,1,1,2,2,3,3.0
27676,3,3,3,3,1,3,3,3,3,3,3,3,3,3.0
31298,3,3,3,3,0,3,3,2,2,3,0,3,3,2.0
38532,3,3,3,2,1,3,3,3,3,3,3,3,3,3.0
43449,3,3,2,2,1,3,3,2,2,3,3,2,0,0.0
51755,3,3,3,2,1,3,3,3,3,3,2,3,3,3.0
13111,3,3,2,2,2,3,2,2,3,2,0,2,3,3.0
20221,3,2,3,1,0,1,0,1,1,1,2,2,3,3.0
31729,3,3,3,3,1,3,3,3,3,3,0,2,3,3.0
34032,3,2,3,2,1,0,2,3,3,3,1,2,3,2.0
34371,3,2,3,2,0,1,0,2,1,1,1,1,3,2.0
34397,3,3,3,2,2,3,3,2,2,3,3,3,3,2.0
35349,3,3,3,3,2,3,3,3,2,3,3,3,3,3.0
49722,3,3,3,3,2,3,3,3,3,3,3,3,3,3.0
50208,3,3,3,3,2,3,3,3,3,3,3,3,3,3.0
22532,3,2,3,1,1,1,0,1,1,1,3,2,1,2.0
24750,3,3,3,3,2,3,3,3,3,3,1,3,3,3.0
27188,3,3,3,1,0,2,3,3,2,3,2,3,3,3.0
28051,3,2,3,2,0,0,0,2,0,2,3,2,1,2.0
28513,3,3,3,2,0,3,3,3,2,3,3,3,3,2.0
28812,3,2,1,2,0,1,1,2,2,2,3,2,3,2.0
33253,3,3,3,2,0,3,3,3,2,3,3,2,3,3.0
34172,3,3,3,3,1,3,3,3,3,3,0,3,3,3.0
34568,3,3,3,2,2,3,3,3,2,3,1,3,3,3.0
35592,3,3,3,2,1,1,3,3,2,3,3,3,3,3.0
35730,3,3,3,3,3,3,3,3,3,3,0,1,3,3.0
54096,3,3,3,2,0,3,3,3,3,3,3,3,3,3.0
16412,2,1,3,2,0,0,0,2,0,2,0,1,1,2.0
16836,3,3,2,2,1,2,1,3,1,2,0,1,3,1.0
17630,3,3,3,2,0,3,2,2,1,2,0,2,3,3.0
17674,3,1,2,1,0,0,0,1,0,2,0,1,1,3.0
20030,3,2,2,1,0,0,0,2,0,1,0,1,0,3.0
23115,3,3,1,2,0,0,1,3,1,3,0,1,1,2.0
23134,3,3,3,3,1,3,1,2,1,2,3,3,3,3.0
24174,3,3,2,1,0,2,2,0,2,2,0,1,3,0.0
26345,3,3,3,2,1,2,2,3,2,2,0,1,3,3.0
26616,3,3,3,2,1,3,3,3,2,3,0,3,3,3.0
26653,3,3,3,2,0,3,3,2,3,3,1,2,3,3.0
27021,3,1,1,0,0,1,0,1,1,2,3,3,0,1.0
27144,3,3,3,2,1,3,3,3,3,2,0,3,3,3.0
27185,3,3,3,2,0,3,3,3,2,3,0,2,3,3.0
29073,3,3,3,3,1,3,3,3,3,3,3,2,3,3.0
33056,3,3,3,3,2,3,3,3,1,3,3,3,3,3.0
33167,3,3,3,1,1,3,3,3,3,3,0,3,3,3.0
33654,3,2,1,1,0,0,0,1,1,1,3,3,0,3.0
33950,3,3,3,1,0,3,3,3,3,3,3,3,3,3.0
34287,3,3,3,2,0,3,3,3,2,2,3,3,3,3.0
34514,3,3,3,2,0,2,3,2,1,2,0,2,3,2.0
34594,3,3,3,2,1,3,3,2,2,3,3,3,3,3.0
34614,3,3,3,2,0,3,3,3,2,3,3,3,3,3.0
34707,3,3,3,1,0,3,3,3,2,3,3,3,3,3.0
35130,3,3,3,2,0,3,3,3,1,2,0,2,3,3.0
37865,3,2,3,2,0,1,0,2,0,1,2,2,1,1.0
38280,3,3,3,3,1,3,3,3,3,3,3,2,3,2.0
38866,3,1,3,1,0,0,0,2,0,2,3,3,3,2.0
39120,3,3,3,2,0,2,3,3,3,3,3,3,3,2.0
39301,3,3,2,2,1,3,3,3,3,3,3,3,3,3.0
39310,3,3,2,1,0,0,2,2,2,1,0,2,3,3.0
39962,3,3,3,2,1,3,3,3,2,3,3,2,3,2.0
40222,3,3,3,3,1,3,3,3,2,3,0,3,3,3.0
45064,3,3,3,3,1,3,3,3,3,3,1,3,3,3.0
46766,3,3,3,2,1,2,1,2,2,1,0,2,3,3.0
48139,3,3,3,3,2,3,3,3,3,3,3,3,3,3.0
51417,3,3,3,3,2,3,3,3,3,3,3,2,3,3.0
51496,3,3,3,1,1,3,3,3,3,3,0,3,3,3.0
51499,3,3,3,2,0,3,3,3,2,3,3,3,3,2.0
51762,3,3,3,2,0,3,3,3,2,3,0,3,3,3.0
52265,3,2,3,2,0,0,0,2,1,1,3,2,3,2.0
53660,3,3,3,3,2,3,3,3,3,3,3,2,3,2.0
26539,3,3,3,3,2,3,3,3,2,3,0,3,3,2.0
26857,3,3,3,2,0,3,3,2,3,2,3,3,3,3.0
27042,3,3,3,3,2,3,3,3,3,3,3,3,3,2.0
40523,3,3,3,2,0,3,3,3,3,3,3,3,3,3.0
52515,3,3,3,2,2,3,3,3,3,3,3,3,3,3.0
13112,3,3,2,2,0,2,2,1,2,0,0,2,0,2.0
13113,3,1,3,1,0,0,0,2,1,1,0,2,3,3.0
16585,3,3,3,2,1,2,0,2,1,1,0,0,3,3.0
25859,2,1,2,1,0,0,0,1,0,1,1,0,1,3.0
26654,3,3,3,2,0,3,3,3,3,3,0,1,3,3.0
26893,3,3,2,1,0,1,2,2,2,2,3,1,1,2.0
27177,3,3,3,1,0,3,3,2,2,1,1,2,3,3.0
28571,3,3,3,2,1,2,3,3,3,3,0,2,3,3.0
33706,3,3,3,2,1,3,3,3,3,3,3,2,3,3.0
33860,3,3,3,2,0,3,2,2,1,2,0,1,3,3.0
33886,3,3,3,3,1,3,3,3,3,2,0,2,3,3.0
33947,3,3,3,2,0,2,0,1,0,1,1,2,0,2.0
34039,3,3,3,2,0,1,3,3,2,3,0,3,3,3.0
34273,3,3,3,2,1,3,3,3,3,3,2,2,3,3.0
34511,3,3,3,3,1,3,3,3,3,2,0,3,3,3.0
34513,3,3,3,3,0,3,3,3,3,3,0,3,3,3.0
35727,3,3,3,1,1,3,3,3,3,3,0,3,3,3.0
46966,3,1,1,0,0,0,2,2,2,2,0,1,3,3.0
28693,3,3,3,3,1,3,3,3,2,3,0,2,3,3.0
35729,3,3,3,3,0,3,3,3,3,3,2,3,3,2.0
27407,3,3,3,3,2,3,3,3,3,3,3,3,3,3.0
31380,3,3,3,3,2,3,3,2,3,3,0,3,3,3.0
34043,3,3,3,2,0,3,3,3,2,3,0,1,3,3.0
38233,3,3,3,3,0,3,3,3,3,2,3,2,3,3.0
41670,3,3,3,2,0,3,2,3,3,3,2,2,3,3.0
49577,3,3,3,2,1,3,3,2,3,3,2,2,3,2.0
52091,3,3,3,2,1,2,3,3,2,3,3,3,3,2.0
26428,3,3,3,2,1,3,1,3,2,3,1,2,3,3.0
26593,3,3,3,3,2,3,2,3,2,3,0,2,3,3.0
26666,3,3,3,2,0,3,2,3,2,3,1,2,3,3.0
26748,3,3,3,0,0,2,3,3,2,3,3,3,3,3.0
27035,2,0,2,1,0,0,0,0,0,0,0,1,3,2.0
27209,3,1,2,1,0,1,0,1,1,1,0,2,1,3.0
27237,3,3,3,2,1,3,3,3,3,3,1,2,3,3.0
27575,3,2,1,1,0,1,0,2,1,1,0,1,3,3.0
27837,3,3,3,3,1,3,3,2,3,2,3,2,3,3.0
29099,3,3,3,2,1,3,3,3,3,3,1,2,3,3.0
31055,3,3,3,3,2,3,3,3,3,3,3,3,3,3.0
32841,3,3,2,2,1,3,3,2,2,2,2,3,3,3.0
33775,3,3,3,2,0,2,3,3,3,3,3,3,3,3.0
34737,3,3,3,3,1,3,3,3,3,3,1,0,3,2.0
35311,3,3,3,1,0,3,2,2,3,2,2,3,3,2.0
37957,3,3,3,1,1,3,3,2,3,3,2,1,1,2.0
38931,3,2,1,1,0,1,2,2,3,2,0,3,3,2.0
39842,3,3,3,2,0,3,3,3,2,3,0,3,3,1.0
44004,3,3,3,2,1,2,2,3,3,3,1,3,3,2.0
45977,3,1,2,1,0,0,0,1,1,1,0,1,0,1.0
46754,3,3,3,2,1,3,3,3,3,3,3,3,3,3.0
47798,3,3,3,1,0,1,2,2,2,1,0,2,0,2.0
27940,3,3,3,2,1,1,0,2,1,3,3,3,3,2.0
34625,3,3,3,2,1,3,3,3,3,3,2,3,3,3.0
33659,2,2,1,1,0,2,2,1,1,1,0,2,3,2.0
17624,3,3,3,2,2,2,1,2,0,2,0,1,3,2.0
22681,3,3,3,3,2,3,1,2,2,1,0,3,3,1.0
24422,3,3,3,2,1,1,1,1,1,2,1,2,3,1.0
25844,3,3,3,3,1,3,3,2,3,1,0,3,3,3.0
34017,3,3,3,2,0,3,3,3,3,3,3,2,3,3.0
34508,3,3,3,2,0,3,2,2,3,2,0,1,3,0.0
34567,3,3,3,3,0,3,2,2,3,3,0,2,3,2.0
35421,3,3,3,2,0,2,3,3,2,3,3,3,3,3.0
42765,3,3,2,1,0,1,2,2,2,1,0,2,3,3.0
34059,3,3,3,2,2,3,3,3,3,3,1,3,3,3.0
34407,3,3,3,2,0,3,2,3,2,2,3,2,3,3.0
45803,3,2,2,2,0,1,0,1,2,2,0,0,3,1.0
53371,3,3,2,2,1,2,3,3,2,2,3,3,3,3.0
34678,2,1,3,2,0,0,0,3,0,1,0,2,0,2.0
49687,2,0,0,0,0,0,0,0,0,0,0,0,0,0.0
26674,0,0,0,0,0,0,0,0,0,0,0,3,0,0.0
34558,0,0,0,0,0,0,0,0,0,0,0,1,0,2.0
28544,3,3,3,1,0,2,3,2,1,2,0,1,3,3.0
24761,3,3,3,2,1,3,3,3,3,3,0,3,3,3.0
27644,3,3,3,2,2,3,2,3,2,2,2,2,3,2.0
37509,3,3,3,1,1,2,0,1,1,2,3,1,1,2.0
39396,3,3,3,2,1,3,2,2,1,2,3,2,3,2.0
30362,3,3,3,2,0,3,2,2,1,3,2,1,3,2.0
28374,3,3,3,1,0,3,3,2,2,2,2,3,1,2.0
28515,3,2,3,2,0,0,0,3,0,2,3,2,3,1.0
45332,2,1,1,2,0,1,0,1,0,0,0,1,1,1.0
28497,3,3,2,2,1,2,1,2,1,1,3,2,3,3.0
34772,3,3,3,2,1,3,3,3,3,3,0,1,3,3.0
24759,3,3,3,3,1,3,3,2,3,3,3,2,3,3.0
30599,3,3,3,1,0,3,3,3,2,3,3,3,3,2.0
31020,3,3,3,3,3,3,3,2,3,3,3,3,3,2.0
32083,3,3,3,3,1,3,3,3,3,3,3,3,3,3.0
33430,3,3,3,3,2,3,3,3,3,3,0,2,3,3.0
34544,3,3,3,3,2,3,3,3,3,3,0,3,3,3.0
34555,3,3,3,3,0,3,2,3,3,3,0,3,3,3.0
34589,3,3,3,2,0,3,3,3,3,3,0,3,3,3.0
38473,3,3,3,3,2,3,3,3,3,3,1,3,3,3.0
41568,3,3,3,2,0,3,3,3,3,3,3,3,3,2.0
49473,3,3,2,2,0,3,3,2,3,3,1,2,3,3.0
32680,3,3,3,1,0,2,3,3,3,3,3,3,3,1.0
34630,3,3,3,3,2,3,2,2,3,3,3,3,3,3.0
27050,3,3,3,3,0,3,3,2,3,3,3,2,3,3.0
33392,3,3,3,2,1,3,3,3,2,3,3,3,3,3.0
34561,3,3,3,3,1,3,2,3,3,3,0,3,3,1.0
35658,3,3,3,3,2,3,3,2,3,3,3,1,3,2.0
24784,3,3,3,2,1,3,3,2,2,2,2,3,3,2.0
27585,3,3,2,2,1,3,3,3,3,3,3,3,3,3.0
28595,3,3,3,3,1,3,3,3,3,3,3,3,3,2.0
28800,3,3,3,2,0,3,3,3,3,3,3,2,3,3.0
29115,3,3,3,3,2,3,3,3,3,3,3,3,3,2.0
30306,3,3,3,1,1,3,3,3,3,3,0,2,3,0.0
30374,3,3,3,2,0,3,3,3,3,2,3,3,3,1.0
30377,3,3,3,3,2,3,3,3,3,3,3,3,3,3.0
34099,3,3,3,1,0,3,3,2,2,3,3,1,3,3.0
34600,3,3,3,3,1,3,3,3,3,3,0,3,3,3.0
34615,3,3,3,3,2,3,3,3,3,3,3,3,3,2.0
34629,3,3,3,2,1,3,3,3,3,3,3,3,3,3.0
37445,3,3,2,3,0,3,3,3,3,3,3,3,3,3.0
51390,3,3,3,3,2,3,3,3,3,3,1,3,3,2.0
53286,3,3,3,3,2,3,3,3,3,3,3,3,3,2.0
53377,3,3,3,2,1,3,3,3,3,3,0,3,3,2.0
54195,3,3,3,2,0,3,3,2,3,3,0,1,3,3.0
26738,3,3,3,2,0,3,3,3,3,3,0,1,3,3.0
26755,3,3,3,3,3,3,3,3,3,3,2,3,3,2.0
27229,3,3,3,3,1,3,1,3,3,3,3,3,3,3.0
27538,3,3,3,2,0,3,3,3,3,3,0,2,3,2.0
27724,3,3,3,2,0,3,3,2,3,3,3,3,3,3.0
29673,3,3,3,1,0,1,3,2,2,3,3,3,3,3.0
30107,3,3,3,3,1,3,3,3,3,3,3,2,3,2.0
30382,3,3,3,3,3,3,3,3,3,3,3,3,3,3.0
38782,3,3,3,2,0,3,3,2,3,2,0,1,3,2.0
50776,3,3,3,2,2,3,1,1,3,2,3,2,3,3.0
27681,3,3,3,2,0,3,3,3,3,3,0,2,3,3.0
28476,3,3,3,2,0,3,3,3,3,3,0,2,3,2.0
29462,3,3,3,0,0,1,3,3,3,3,3,3,3,3.0
33621,3,3,3,3,2,2,3,3,3,3,3,3,3,2.0
34102,3,2,3,1,0,1,2,2,1,1,0,1,3,2.0
34335,3,3,3,3,0,3,3,3,3,3,3,3,3,3.0
35226,3,3,3,1,0,3,3,3,2,1,1,2,3,1.0
37806,3,3,3,2,0,3,3,3,2,2,3,3,3,3.0
38095,3,3,3,2,1,3,3,3,2,3,2,2,3,3.0
38211,3,3,3,3,0,3,3,3,3,3,3,3,3,3.0
38680,3,3,3,2,0,3,3,3,2,2,0,1,3,3.0
52096,3,3,2,1,0,3,3,3,2,2,0,2,3,0.0
53014,3,3,3,3,2,3,3,3,3,3,3,3,3,3.0
26864,3,3,3,3,1,3,3,3,2,3,2,2,3,2.0
27545,3,3,3,3,2,3,3,3,3,2,0,2,3,3.0
27679,3,3,3,2,2,3,3,3,3,3,0,3,3,2.0
27771,3,3,3,3,3,3,3,3,3,3,0,2,3,2.0
28135,3,3,1,1,0,2,3,3,2,2,3,2,3,1.0
28475,3,3,3,3,0,3,3,3,3,3,3,3,3,2.0
28480,3,3,3,2,0,3,3,3,3,3,0,3,3,2.0
28498,3,3,3,2,0,3,3,0,3,0,3,2,3,2.0
28524,3,3,3,0,0,3,3,2,3,2,2,2,3,3.0
30295,3,2,3,0,0,3,0,2,1,1,2,1,3,1.0
32311,3,3,3,1,0,3,3,3,3,3,0,3,3,1.0
32489,3,3,3,3,0,3,3,3,3,3,3,3,3,3.0
32784,3,3,3,3,1,3,3,3,3,3,3,3,3,3.0
33264,3,3,3,2,0,3,2,2,2,3,3,3,3,3.0
34560,3,3,3,2,1,3,3,3,3,3,0,2,3,3.0
34604,3,3,3,2,1,3,3,3,3,3,0,3,3,3.0
34943,3,3,3,2,1,3,1,1,1,2,1,0,3,3.0
35687,3,3,3,2,0,3,3,3,3,3,3,3,3,2.0
37166,3,3,3,2,0,3,3,3,3,3,3,3,3,3.0
37615,3,3,3,2,1,3,3,3,3,3,1,3,3,2.0
38887,3,1,3,1,0,1,0,1,0,1,3,0,1,2.0
45647,3,1,2,2,0,2,0,2,1,2,1,1,0,1.0
52114,3,3,3,3,3,3,3,3,3,3,3,3,3,2.0
52147,3,3,3,1,0,3,3,3,3,3,0,3,3,3.0
45010,3,3,2,2,0,3,3,2,3,3,3,2,3,2.0
28460,3,3,3,1,0,3,3,3,3,3,3,3,3,3.0
38255,3,3,3,3,2,3,3,3,3,3,3,3,3,3.0
25765,3,3,3,1,0,2,3,2,2,2,1,1,3,1.0
26728,3,3,3,2,0,3,3,3,3,3,3,3,3,2.0
37743,3,3,3,2,1,3,3,3,3,3,2,2,3,3.0
37641,3,3,3,2,0,3,3,3,3,3,2,2,3,2.0
52137,3,3,3,2,1,3,3,3,3,2,0,2,3,2.0
