Response,WCPM,Acc,Comp,Exp,level,WCPM_response,Comp_response,Exp_response,undetermined,1_or_2,2_unanimous,2_or_3,3_unanimous
544687,99.0,0.9890000000000001,6.5,2.8,12,77.8,7.5,2.9,0,0,0,1,0
544687,99.0,0.9890000000000001,6.5,2.8,12,77.8,7.5,2.9,0,0,0,1,0
544687,99.0,0.9890000000000001,6.5,2.8,12,77.8,7.5,2.9,0,0,0,1,0
544687,99.0,0.9890000000000001,6.5,2.8,12,77.8,7.5,2.9,0,0,0,1,0
544687,99.0,0.9890000000000001,6.5,2.8,12,77.8,7.5,2.9,0,0,0,1,0
544687,99.0,0.9890000000000001,6.5,2.8,12,77.8,7.5,2.9,0,0,0,1,0
544691,99.0,0.9890000000000001,6.5,2.8,12,99.4,5.7,2.8,0,0,0,0,1
544691,99.0,0.9890000000000001,6.5,2.8,12,99.4,5.7,2.8,0,0,0,0,1
544691,99.0,0.9890000000000001,6.5,2.8,12,99.4,5.7,2.8,0,0,0,0,1
544695,99.0,0.9890000000000001,6.5,2.8,12,126.1,6.3,3.0,0,0,0,0,1
544695,99.0,0.9890000000000001,6.5,2.8,12,126.1,6.3,3.0,0,0,0,0,1
544695,99.0,0.9890000000000001,6.5,2.8,12,126.1,6.3,3.0,0,0,0,0,1
544806,45.0,0.813,3.8,1.6,7,47.1,1.5,1.5,0,0,1,0,0
544806,45.0,0.813,3.8,1.6,7,47.1,1.5,1.5,0,0,1,0,0
544806,45.0,0.813,3.8,1.6,7,47.1,1.5,1.5,0,0,1,0,0
544806,45.0,0.813,3.8,1.6,7,47.1,1.5,1.5,0,0,1,0,0
544806,45.0,0.813,3.8,1.6,7,47.1,1.5,1.5,0,0,1,0,0
544810,45.0,0.813,3.8,1.6,7,55.3,5.5,1.8,0,0,1,0,0
544810,45.0,0.813,3.8,1.6,7,55.3,5.5,1.8,0,0,1,0,0
553406,63.0,1.0,3.1,2.2,9,55.5,4.0,1.7,0,0,0,0,1
553406,63.0,1.0,3.1,2.2,9,55.5,4.0,1.7,0,0,0,0,1
553406,63.0,1.0,3.1,2.2,9,55.5,4.0,1.7,0,0,0,0,1
553410,63.0,1.0,3.1,2.2,9,71.6,3.6,1.9,0,0,0,0,1
553410,63.0,1.0,3.1,2.2,9,71.6,3.6,1.9,0,0,0,0,1
553410,63.0,1.0,3.1,2.2,9,71.6,3.6,1.9,0,0,0,0,1
557533,76.0,1.0,6.0,2.9,10,71.9,6.0,2.5,0,0,0,1,0
557533,76.0,1.0,6.0,2.9,10,71.9,6.0,2.5,0,0,0,1,0
557533,76.0,1.0,6.0,2.9,10,71.9,6.0,2.5,0,0,0,1,0
557533,76.0,1.0,6.0,2.9,10,71.9,6.0,2.5,0,0,0,1,0
557533,76.0,1.0,6.0,2.9,10,71.9,6.0,2.5,0,0,0,1,0
557537,76.0,1.0,6.0,2.9,10,68.9,6.3,2.5,0,0,0,0,1
557537,76.0,1.0,6.0,2.9,10,68.9,6.3,2.5,0,0,0,0,1
557537,76.0,1.0,6.0,2.9,10,68.9,6.3,2.5,0,0,0,0,1
557537,76.0,1.0,6.0,2.9,10,68.9,6.3,2.5,0,0,0,0,1
557541,76.0,1.0,6.0,2.9,10,87.4,5.4,3.0,0,0,0,0,1
557541,76.0,1.0,6.0,2.9,10,87.4,5.4,3.0,0,0,0,0,1
557541,76.0,1.0,6.0,2.9,10,87.4,5.4,3.0,0,0,0,0,1
560124,71.0,0.905,4.0,2.5,9,69.4,3.2,2.5,0,0,0,1,0
560124,71.0,0.905,4.0,2.5,9,69.4,3.2,2.5,0,0,0,1,0
560124,71.0,0.905,4.0,2.5,9,69.4,3.2,2.5,0,0,0,1,0
560124,71.0,0.905,4.0,2.5,9,69.4,3.2,2.5,0,0,0,1,0
560128,71.0,0.905,4.0,2.5,9,64.3,4.6,2.1,0,0,0,0,1
560128,71.0,0.905,4.0,2.5,9,64.3,4.6,2.1,0,0,0,0,1
560128,71.0,0.905,4.0,2.5,9,64.3,4.6,2.1,0,0,0,0,1
560132,71.0,0.905,4.0,2.5,9,116.4,4.4,3.1,0,0,0,0,1
560132,71.0,0.905,4.0,2.5,9,116.4,4.4,3.1,0,0,0,0,1
560330,83.0,0.9670000000000001,5.4,2.4,11,75.8,5.0,2.2,0,0,0,1,0
560330,83.0,0.9670000000000001,5.4,2.4,11,75.8,5.0,2.2,0,0,0,1,0
560330,83.0,0.9670000000000001,5.4,2.4,11,75.8,5.0,2.2,0,0,0,1,0
560330,83.0,0.9670000000000001,5.4,2.4,11,75.8,5.0,2.2,0,0,0,1,0
560330,83.0,0.9670000000000001,5.4,2.4,11,75.8,5.0,2.2,0,0,0,1,0
560334,83.0,0.9670000000000001,5.4,2.4,11,88.1,6.0,2.3,0,0,0,0,1
560334,83.0,0.9670000000000001,5.4,2.4,11,88.1,6.0,2.3,0,0,0,0,1
560334,83.0,0.9670000000000001,5.4,2.4,11,88.1,6.0,2.3,0,0,0,0,1
560338,83.0,0.9670000000000001,5.4,2.4,11,88.5,5.1,2.2,0,0,0,0,1
560338,83.0,0.9670000000000001,5.4,2.4,11,88.5,5.1,2.2,0,0,0,0,1
560338,83.0,0.9670000000000001,5.4,2.4,11,88.5,5.1,2.2,0,0,0,0,1
564802,33.0,0.8270000000000001,5.1,1.4,6,32.4,5.2,1.4,0,0,0,1,0
564802,33.0,0.8270000000000001,5.1,1.4,6,32.4,5.2,1.4,0,0,0,1,0
564802,33.0,0.8270000000000001,5.1,1.4,6,32.4,5.2,1.4,0,0,0,1,0
564802,33.0,0.8270000000000001,5.1,1.4,6,32.4,5.2,1.4,0,0,0,1,0
564802,33.0,0.8270000000000001,5.1,1.4,6,32.4,5.2,1.4,0,0,0,1,0
564806,33.0,0.8270000000000001,5.1,1.4,6,32.4,2.7,1.4,0,0,0,1,0
564806,33.0,0.8270000000000001,5.1,1.4,6,32.4,2.7,1.4,0,0,0,1,0
564810,33.0,0.8270000000000001,5.1,1.4,6,39.6,7.5,1.4,0,0,1,0,0
564810,33.0,0.8270000000000001,5.1,1.4,6,39.6,7.5,1.4,0,0,1,0,0
564810,33.0,0.8270000000000001,5.1,1.4,6,39.6,7.5,1.4,0,0,1,0,0
565035,88.0,0.9470000000000001,4.5,3.5,11,77.3,2.9,3.0,0,0,0,0,1
565035,88.0,0.9470000000000001,4.5,3.5,11,77.3,2.9,3.0,0,0,0,0,1
565035,88.0,0.9470000000000001,4.5,3.5,11,77.3,2.9,3.0,0,0,0,0,1
565035,88.0,0.9470000000000001,4.5,3.5,11,77.3,2.9,3.0,0,0,0,0,1
565035,88.0,0.9470000000000001,4.5,3.5,11,77.3,2.9,3.0,0,0,0,0,1
565040,88.0,0.9470000000000001,4.5,3.5,11,87.3,5.5,3.1,0,0,0,0,1
565040,88.0,0.9470000000000001,4.5,3.5,11,87.3,5.5,3.1,0,0,0,0,1
565040,88.0,0.9470000000000001,4.5,3.5,11,87.3,5.5,3.1,0,0,0,0,1
565044,88.0,0.9470000000000001,4.5,3.5,11,152.6,5.1,4.3,0,0,0,0,1
565044,88.0,0.9470000000000001,4.5,3.5,11,152.6,5.1,4.3,0,0,0,0,1
565044,88.0,0.9470000000000001,4.5,3.5,11,152.6,5.1,4.3,0,0,0,0,1
565127,41.0,0.7759999999999999,5.1,1.8,6,43.0,6.2,1.8,0,0,1,0,0
565127,41.0,0.7759999999999999,5.1,1.8,6,43.0,6.2,1.8,0,0,1,0,0
565127,41.0,0.7759999999999999,5.1,1.8,6,43.0,6.2,1.8,0,0,1,0,0
565131,41.0,0.7759999999999999,5.1,1.8,6,42.5,5.0,1.7,0,0,0,0,1
565131,41.0,0.7759999999999999,5.1,1.8,6,42.5,5.0,1.7,0,0,0,0,1
565135,41.0,0.7759999999999999,5.1,1.8,6,73.1,4.1,2.2,0,0,0,1,0
565135,41.0,0.7759999999999999,5.1,1.8,6,73.1,4.1,2.2,0,0,0,1,0
565135,41.0,0.7759999999999999,5.1,1.8,6,73.1,4.1,2.2,0,0,0,1,0
565185,101.0,1.0,6.7,3.2,12,87.6,6.0,2.8,0,0,0,0,1
565185,101.0,1.0,6.7,3.2,12,87.6,6.0,2.8,0,0,0,0,1
565185,101.0,1.0,6.7,3.2,12,87.6,6.0,2.8,0,0,0,0,1
565185,101.0,1.0,6.7,3.2,12,87.6,6.0,2.8,0,0,0,0,1
565185,101.0,1.0,6.7,3.2,12,87.6,6.0,2.8,0,0,0,0,1
565189,101.0,1.0,6.7,3.2,12,100.9,8.0,3.2,0,0,0,0,1
565189,101.0,1.0,6.7,3.2,12,100.9,8.0,3.2,0,0,0,0,1
565189,101.0,1.0,6.7,3.2,12,100.9,8.0,3.2,0,0,0,0,1
565193,101.0,1.0,6.7,3.2,12,107.2,5.8,3.3,0,0,0,0,1
565193,101.0,1.0,6.7,3.2,12,107.2,5.8,3.3,0,0,0,0,1
565193,101.0,1.0,6.7,3.2,12,107.2,5.8,3.3,0,0,0,0,1
565652,98.0,0.9890000000000001,5.7,3.3,12,97.4,3.8,2.8,0,0,0,0,1
565652,98.0,0.9890000000000001,5.7,3.3,12,97.4,3.8,2.8,0,0,0,0,1
565652,98.0,0.9890000000000001,5.7,3.3,12,97.4,3.8,2.8,0,0,0,0,1
565652,98.0,0.9890000000000001,5.7,3.3,12,97.4,3.8,2.8,0,0,0,0,1
565652,98.0,0.9890000000000001,5.7,3.3,12,97.4,3.8,2.8,0,0,0,0,1
565656,98.0,0.9890000000000001,5.7,3.3,12,88.6,5.0,2.7,0,0,0,0,1
565656,98.0,0.9890000000000001,5.7,3.3,12,88.6,5.0,2.7,0,0,0,0,1
565656,98.0,0.9890000000000001,5.7,3.3,12,88.6,5.0,2.7,0,0,0,0,1
565660,98.0,0.9890000000000001,5.7,3.3,12,117.4,8.0,3.3,0,0,0,0,1
565660,98.0,0.9890000000000001,5.7,3.3,12,117.4,8.0,3.3,0,0,0,0,1
565660,98.0,0.9890000000000001,5.7,3.3,12,117.4,8.0,3.3,0,0,0,0,1
566017,26.0,0.7490000000000001,4.2,1.3,5,39.4,6.3,1.5,0,0,0,1,0
566017,26.0,0.7490000000000001,4.2,1.3,5,39.4,6.3,1.5,0,0,0,1,0
566017,26.0,0.7490000000000001,4.2,1.3,5,39.4,6.3,1.5,0,0,0,1,0
611797,68.0,0.943,5.9,2.1,9,69.8,8.0,2.0,0,0,0,0,1
611797,68.0,0.943,5.9,2.1,9,69.8,8.0,2.0,0,0,0,0,1
611797,68.0,0.943,5.9,2.1,9,69.8,8.0,2.0,0,0,0,0,1
611797,68.0,0.943,5.9,2.1,9,69.8,8.0,2.0,0,0,0,0,1
611797,68.0,0.943,5.9,2.1,9,69.8,8.0,2.0,0,0,0,0,1
611801,68.0,0.943,5.9,2.1,9,43.1,3.2,1.5,0,0,0,0,1
611801,68.0,0.943,5.9,2.1,9,43.1,3.2,1.5,0,0,0,0,1
611801,68.0,0.943,5.9,2.1,9,43.1,3.2,1.5,0,0,0,0,1
611806,68.0,0.943,5.9,2.1,9,66.9,5.6,2.2,0,0,0,0,1
611806,68.0,0.943,5.9,2.1,9,66.9,5.6,2.2,0,0,0,0,1
611806,68.0,0.943,5.9,2.1,9,66.9,5.6,2.2,0,0,0,0,1
646370,44.0,0.677,2.3,1.7,7,61.3,3.2,2.2,0,0,0,0,1
646374,44.0,0.677,2.3,1.7,7,85.4,1.4,2.2,0,0,0,0,1
646374,44.0,0.677,2.3,1.7,7,85.4,1.4,2.2,0,0,0,0,1
655107,88.0,0.982,5.7,3.3,11,102.0,5.6,3.7,0,0,0,1,0
655107,88.0,0.982,5.7,3.3,11,102.0,5.6,3.7,0,0,0,1,0
655107,88.0,0.982,5.7,3.3,11,102.0,5.6,3.7,0,0,0,1,0
655107,88.0,0.982,5.7,3.3,11,102.0,5.6,3.7,0,0,0,1,0
655107,88.0,0.982,5.7,3.3,11,102.0,5.6,3.7,0,0,0,1,0
655111,88.0,0.982,5.7,3.3,11,63.1,4.9,3.2,0,0,0,0,1
655115,88.0,0.982,5.7,3.3,11,91.9,6.5,3.2,0,0,0,1,0
655115,88.0,0.982,5.7,3.3,11,91.9,6.5,3.2,0,0,0,1,0
655115,88.0,0.982,5.7,3.3,11,91.9,6.5,3.2,0,0,0,1,0
679527,89.0,0.934,4.8,2.5,11,67.5,5.6,2.1,0,0,0,1,0
679527,89.0,0.934,4.8,2.5,11,67.5,5.6,2.1,0,0,0,1,0
679527,89.0,0.934,4.8,2.5,11,67.5,5.6,2.1,0,0,0,1,0
679527,89.0,0.934,4.8,2.5,11,67.5,5.6,2.1,0,0,0,1,0
679527,89.0,0.934,4.8,2.5,11,67.5,5.6,2.1,0,0,0,1,0
679531,89.0,0.934,4.8,2.5,11,90.8,3.1,2.7,0,0,1,0,0
679531,89.0,0.934,4.8,2.5,11,90.8,3.1,2.7,0,0,1,0,0
679531,89.0,0.934,4.8,2.5,11,90.8,3.1,2.7,0,0,1,0,0
679535,89.0,0.934,4.8,2.5,11,81.5,5.8,2.4,0,0,0,1,0
679535,89.0,0.934,4.8,2.5,11,81.5,5.8,2.4,0,0,0,1,0
679535,89.0,0.934,4.8,2.5,11,81.5,5.8,2.4,0,0,0,1,0
680973,28.0,0.912,3.1,1.3,5,27.6,2.3,1.3,0,0,1,0,0
680973,28.0,0.912,3.1,1.3,5,27.6,2.3,1.3,0,0,1,0,0
680973,28.0,0.912,3.1,1.3,5,27.6,2.3,1.3,0,0,1,0,0
680973,28.0,0.912,3.1,1.3,5,27.6,2.3,1.3,0,0,1,0,0
680973,28.0,0.912,3.1,1.3,5,27.6,2.3,1.3,0,0,1,0,0
680977,28.0,0.912,3.1,1.3,5,21.1,3.0,1.2,0,0,0,1,0
680977,28.0,0.912,3.1,1.3,5,21.1,3.0,1.2,0,0,0,1,0
680977,28.0,0.912,3.1,1.3,5,21.1,3.0,1.2,0,0,0,1,0
680981,28.0,0.912,3.1,1.3,5,30.2,4.0,1.4,1,0,0,0,0
680981,28.0,0.912,3.1,1.3,5,30.2,4.0,1.4,1,0,0,0,0
680981,28.0,0.912,3.1,1.3,5,30.2,4.0,1.4,1,0,0,0,0
681367,56.0,0.948,4.2,2.0,8,48.0,2.6,1.8,0,0,1,0,0
681367,56.0,0.948,4.2,2.0,8,48.0,2.6,1.8,0,0,1,0,0
681371,56.0,0.948,4.2,2.0,8,62.4,3.8,2.1,0,0,0,1,0
681371,56.0,0.948,4.2,2.0,8,62.4,3.8,2.1,0,0,0,1,0
681371,56.0,0.948,4.2,2.0,8,62.4,3.8,2.1,0,0,0,1,0
682698,97.0,0.934,3.5,3.0,12,103.4,2.7,2.7,0,0,0,0,1
682698,97.0,0.934,3.5,3.0,12,103.4,2.7,2.7,0,0,0,0,1
682698,97.0,0.934,3.5,3.0,12,103.4,2.7,2.7,0,0,0,0,1
682698,97.0,0.934,3.5,3.0,12,103.4,2.7,2.7,0,0,0,0,1
682702,97.0,0.934,3.5,3.0,12,95.2,3.6,3.0,0,0,0,0,1
682702,97.0,0.934,3.5,3.0,12,95.2,3.6,3.0,0,0,0,0,1
682702,97.0,0.934,3.5,3.0,12,95.2,3.6,3.0,0,0,0,0,1
682706,97.0,0.934,3.5,3.0,12,96.5,4.1,3.0,0,0,0,0,1
682706,97.0,0.934,3.5,3.0,12,96.5,4.1,3.0,0,0,0,0,1
682706,97.0,0.934,3.5,3.0,12,96.5,4.1,3.0,0,0,0,0,1
684830,79.0,0.983,5.9,2.4,10,77.1,5.5,2.8,0,0,0,1,0
684830,79.0,0.983,5.9,2.4,10,77.1,5.5,2.8,0,0,0,1,0
684830,79.0,0.983,5.9,2.4,10,77.1,5.5,2.8,0,0,0,1,0
684830,79.0,0.983,5.9,2.4,10,77.1,5.5,2.8,0,0,0,1,0
684830,79.0,0.983,5.9,2.4,10,77.1,5.5,2.8,0,0,0,1,0
684835,79.0,0.983,5.9,2.4,10,85.7,4.0,2.6,0,0,0,0,1
684835,79.0,0.983,5.9,2.4,10,85.7,4.0,2.6,0,0,0,0,1
684835,79.0,0.983,5.9,2.4,10,85.7,4.0,2.6,0,0,0,0,1
684840,79.0,0.983,5.9,2.4,10,65.2,8.0,2.2,0,0,0,0,1
684840,79.0,0.983,5.9,2.4,10,65.2,8.0,2.2,0,0,0,0,1
684840,79.0,0.983,5.9,2.4,10,65.2,8.0,2.2,0,0,0,0,1
685076,101.0,0.961,3.3,3.1,12,115.4,2.7,3.6,0,0,0,0,1
685076,101.0,0.961,3.3,3.1,12,115.4,2.7,3.6,0,0,0,0,1
685076,101.0,0.961,3.3,3.1,12,115.4,2.7,3.6,0,0,0,0,1
685076,101.0,0.961,3.3,3.1,12,115.4,2.7,3.6,0,0,0,0,1
685076,101.0,0.961,3.3,3.1,12,115.4,2.7,3.6,0,0,0,0,1
685081,101.0,0.961,3.3,3.1,12,103.0,3.9,3.0,0,0,0,0,1
685081,101.0,0.961,3.3,3.1,12,103.0,3.9,3.0,0,0,0,0,1
685081,101.0,0.961,3.3,3.1,12,103.0,3.9,3.0,0,0,0,0,1
685085,101.0,0.961,3.3,3.1,12,101.5,3.4,3.1,0,0,0,0,1
685085,101.0,0.961,3.3,3.1,12,101.5,3.4,3.1,0,0,0,0,1
685085,101.0,0.961,3.3,3.1,12,101.5,3.4,3.1,0,0,0,0,1
685369,76.0,0.9359999999999999,4.9,2.6,10,69.3,4.8,2.3,0,0,0,0,1
685369,76.0,0.9359999999999999,4.9,2.6,10,69.3,4.8,2.3,0,0,0,0,1
685369,76.0,0.9359999999999999,4.9,2.6,10,69.3,4.8,2.3,0,0,0,0,1
685369,76.0,0.9359999999999999,4.9,2.6,10,69.3,4.8,2.3,0,0,0,0,1
685369,76.0,0.9359999999999999,4.9,2.6,10,69.3,4.8,2.3,0,0,0,0,1
685373,76.0,0.9359999999999999,4.9,2.6,10,76.9,5.0,2.5,0,0,0,0,1
685373,76.0,0.9359999999999999,4.9,2.6,10,76.9,5.0,2.5,0,0,0,0,1
685373,76.0,0.9359999999999999,4.9,2.6,10,76.9,5.0,2.5,0,0,0,0,1
685377,76.0,0.9359999999999999,4.9,2.6,10,86.9,4.9,2.6,0,0,0,0,1
685377,76.0,0.9359999999999999,4.9,2.6,10,86.9,4.9,2.6,0,0,0,0,1
685377,76.0,0.9359999999999999,4.9,2.6,10,86.9,4.9,2.6,0,0,0,0,1
693669,36.0,0.847,3.4,1.4,6,37.9,3.9,1.6,0,0,1,0,0
693669,36.0,0.847,3.4,1.4,6,37.9,3.9,1.6,0,0,1,0,0
693669,36.0,0.847,3.4,1.4,6,37.9,3.9,1.6,0,0,1,0,0
693669,36.0,0.847,3.4,1.4,6,37.9,3.9,1.6,0,0,1,0,0
693669,36.0,0.847,3.4,1.4,6,37.9,3.9,1.6,0,0,1,0,0
693673,36.0,0.847,3.4,1.4,6,37.7,2.1,1.7,0,0,0,1,0
693673,36.0,0.847,3.4,1.4,6,37.7,2.1,1.7,0,0,0,1,0
693673,36.0,0.847,3.4,1.4,6,37.7,2.1,1.7,0,0,0,1,0
693677,36.0,0.847,3.4,1.4,6,41.5,4.2,1.7,0,0,0,1,0
693677,36.0,0.847,3.4,1.4,6,41.5,4.2,1.7,0,0,0,1,0
693677,36.0,0.847,3.4,1.4,6,41.5,4.2,1.7,0,0,0,1,0
701448,63.0,0.924,3.9,2.2,9,64.1,3.7,2.1,0,0,0,1,0
701448,63.0,0.924,3.9,2.2,9,64.1,3.7,2.1,0,0,0,1,0
701448,63.0,0.924,3.9,2.2,9,64.1,3.7,2.1,0,0,0,1,0
701448,63.0,0.924,3.9,2.2,9,64.1,3.7,2.1,0,0,0,1,0
701452,63.0,0.924,3.9,2.2,9,56.0,2.7,2.0,0,0,0,1,0
701452,63.0,0.924,3.9,2.2,9,56.0,2.7,2.0,0,0,0,1,0
701452,63.0,0.924,3.9,2.2,9,56.0,2.7,2.0,0,0,0,1,0
701452,63.0,0.924,3.9,2.2,9,56.0,2.7,2.0,0,0,0,1,0
701456,63.0,0.924,3.9,2.2,9,88.7,5.3,2.5,0,0,0,0,1
701456,63.0,0.924,3.9,2.2,9,88.7,5.3,2.5,0,0,0,0,1
701456,63.0,0.924,3.9,2.2,9,88.7,5.3,2.5,0,0,0,0,1
701799,48.0,0.973,5.3,1.9,7,44.1,7.1,1.8,0,0,0,1,0
701799,48.0,0.973,5.3,1.9,7,44.1,7.1,1.8,0,0,0,1,0
701799,48.0,0.973,5.3,1.9,7,44.1,7.1,1.8,0,0,0,1,0
701799,48.0,0.973,5.3,1.9,7,44.1,7.1,1.8,0,0,0,1,0
701799,48.0,0.973,5.3,1.9,7,44.1,7.1,1.8,0,0,0,1,0
701803,48.0,0.973,5.3,1.9,7,51.5,5.3,1.7,0,0,0,0,1
701803,48.0,0.973,5.3,1.9,7,51.5,5.3,1.7,0,0,0,0,1
701803,48.0,0.973,5.3,1.9,7,51.5,5.3,1.7,0,0,0,0,1
701807,48.0,0.973,5.3,1.9,7,60.1,3.6,2.0,0,0,0,1,0
701807,48.0,0.973,5.3,1.9,7,60.1,3.6,2.0,0,0,0,1,0
701807,48.0,0.973,5.3,1.9,7,60.1,3.6,2.0,0,0,0,1,0
708879,33.0,0.759,3.5,1.5,6,37.0,4.2,1.5,0,0,0,0,1
718446,98.0,0.981,4.0,2.6,12,91.0,6.6,3.2,0,0,0,1,0
718446,98.0,0.981,4.0,2.6,12,91.0,6.6,3.2,0,0,0,1,0
718446,98.0,0.981,4.0,2.6,12,91.0,6.6,3.2,0,0,0,1,0
718446,98.0,0.981,4.0,2.6,12,91.0,6.6,3.2,0,0,0,1,0
718450,98.0,0.981,4.0,2.6,12,63.6,3.0,1.8,0,0,0,0,1
718450,98.0,0.981,4.0,2.6,12,63.6,3.0,1.8,0,0,0,0,1
718450,98.0,0.981,4.0,2.6,12,63.6,3.0,1.8,0,0,0,0,1
718454,98.0,0.981,4.0,2.6,12,110.8,3.0,3.0,0,0,0,0,1
718454,98.0,0.981,4.0,2.6,12,110.8,3.0,3.0,0,0,0,0,1
718454,98.0,0.981,4.0,2.6,12,110.8,3.0,3.0,0,0,0,0,1
719354,66.0,0.909,5.3,2.4,9,73.6,3.2,2.3,0,0,0,1,0
719354,66.0,0.909,5.3,2.4,9,73.6,3.2,2.3,0,0,0,1,0
719354,66.0,0.909,5.3,2.4,9,73.6,3.2,2.3,0,0,0,1,0
719354,66.0,0.909,5.3,2.4,9,73.6,3.2,2.3,0,0,0,1,0
719354,66.0,0.909,5.3,2.4,9,73.6,3.2,2.3,0,0,0,1,0
719358,66.0,0.909,5.3,2.4,9,79.5,5.2,2.5,0,0,1,0,0
719358,66.0,0.909,5.3,2.4,9,79.5,5.2,2.5,0,0,1,0,0
719362,66.0,0.909,5.3,2.4,9,66.5,7.5,2.3,0,0,0,1,0
719362,66.0,0.909,5.3,2.4,9,66.5,7.5,2.3,0,0,0,1,0
719362,66.0,0.909,5.3,2.4,9,66.5,7.5,2.3,0,0,0,1,0
725913,90.0,0.7190000000000001,2.6,2.1,8,95.2,4.0,2.6,0,0,0,0,1
725913,90.0,0.7190000000000001,2.6,2.1,8,95.2,4.0,2.6,0,0,0,0,1
725913,90.0,0.7190000000000001,2.6,2.1,8,95.2,4.0,2.6,0,0,0,0,1
725913,90.0,0.7190000000000001,2.6,2.1,8,95.2,4.0,2.6,0,0,0,0,1
725917,90.0,0.7190000000000001,2.6,2.1,8,54.6,2.5,1.9,0,0,0,0,1
725917,90.0,0.7190000000000001,2.6,2.1,8,54.6,2.5,1.9,0,0,0,0,1
725921,90.0,0.7190000000000001,2.6,2.1,8,93.3,2.0,2.6,0,0,0,0,1
725921,90.0,0.7190000000000001,2.6,2.1,8,93.3,2.0,2.6,0,0,0,0,1
727926,82.0,0.9440000000000001,5.2,2.9,11,79.8,6.1,2.1,0,0,0,1,0
727926,82.0,0.9440000000000001,5.2,2.9,11,79.8,6.1,2.1,0,0,0,1,0
727926,82.0,0.9440000000000001,5.2,2.9,11,79.8,6.1,2.1,0,0,0,1,0
727926,82.0,0.9440000000000001,5.2,2.9,11,79.8,6.1,2.1,0,0,0,1,0
727926,82.0,0.9440000000000001,5.2,2.9,11,79.8,6.1,2.1,0,0,0,1,0
727930,82.0,0.9440000000000001,5.2,2.9,11,82.2,5.0,2.7,0,0,0,0,1
727930,82.0,0.9440000000000001,5.2,2.9,11,82.2,5.0,2.7,0,0,0,0,1
727930,82.0,0.9440000000000001,5.2,2.9,11,82.2,5.0,2.7,0,0,0,0,1
727934,82.0,0.9440000000000001,5.2,2.9,11,115.5,4.6,3.4,0,0,0,0,1
727934,82.0,0.9440000000000001,5.2,2.9,11,115.5,4.6,3.4,0,0,0,0,1
727934,82.0,0.9440000000000001,5.2,2.9,11,115.5,4.6,3.4,0,0,0,0,1
738009,81.0,0.7959999999999999,4.9,2.4,7,86.0,6.7,2.6,0,0,0,0,1
738009,81.0,0.7959999999999999,4.9,2.4,7,86.0,6.7,2.6,0,0,0,0,1
738013,81.0,0.7959999999999999,4.9,2.4,7,91.3,4.0,2.7,0,0,0,1,0
738013,81.0,0.7959999999999999,4.9,2.4,7,91.3,4.0,2.7,0,0,0,1,0
738017,81.0,0.7959999999999999,4.9,2.4,7,101.5,3.9,2.8,0,0,0,0,1
738017,81.0,0.7959999999999999,4.9,2.4,7,101.5,3.9,2.8,0,0,0,0,1
744730,84.0,0.792,3.2,2.4,8,99.5,2.7,2.5,0,0,0,1,0
744730,84.0,0.792,3.2,2.4,8,99.5,2.7,2.5,0,0,0,1,0
744730,84.0,0.792,3.2,2.4,8,99.5,2.7,2.5,0,0,0,1,0
744730,84.0,0.792,3.2,2.4,8,99.5,2.7,2.5,0,0,0,1,0
744730,84.0,0.792,3.2,2.4,8,99.5,2.7,2.5,0,0,0,1,0
744734,84.0,0.792,3.2,2.4,8,82.1,4.1,2.4,0,0,0,1,0
744734,84.0,0.792,3.2,2.4,8,82.1,4.1,2.4,0,0,0,1,0
744738,84.0,0.792,3.2,2.4,8,116.6,2.9,3.2,0,0,0,0,1
744738,84.0,0.792,3.2,2.4,8,116.6,2.9,3.2,0,0,0,0,1
744738,84.0,0.792,3.2,2.4,8,116.6,2.9,3.2,0,0,0,0,1
746491,56.0,0.988,5.9,2.3,8,56.2,7.5,2.2,0,0,0,1,0
746491,56.0,0.988,5.9,2.3,8,56.2,7.5,2.2,0,0,0,1,0
746491,56.0,0.988,5.9,2.3,8,56.2,7.5,2.2,0,0,0,1,0
746491,56.0,0.988,5.9,2.3,8,56.2,7.5,2.2,0,0,0,1,0
746495,56.0,0.988,5.9,2.3,8,53.3,4.8,2.0,0,0,0,0,1
746495,56.0,0.988,5.9,2.3,8,53.3,4.8,2.0,0,0,0,0,1
746495,56.0,0.988,5.9,2.3,8,53.3,4.8,2.0,0,0,0,0,1
746499,56.0,0.988,5.9,2.3,8,79.4,5.5,2.4,0,0,0,0,1
746499,56.0,0.988,5.9,2.3,8,79.4,5.5,2.4,0,0,0,0,1
746499,56.0,0.988,5.9,2.3,8,79.4,5.5,2.4,0,0,0,0,1
746639,91.0,0.996,4.2,3.2,11,90.0,2.6,3.2,0,0,0,0,1
746639,91.0,0.996,4.2,3.2,11,90.0,2.6,3.2,0,0,0,0,1
746639,91.0,0.996,4.2,3.2,11,90.0,2.6,3.2,0,0,0,0,1
746639,91.0,0.996,4.2,3.2,11,90.0,2.6,3.2,0,0,0,0,1
746639,91.0,0.996,4.2,3.2,11,90.0,2.6,3.2,0,0,0,0,1
746643,91.0,0.996,4.2,3.2,11,87.0,4.0,2.9,0,0,0,0,1
746643,91.0,0.996,4.2,3.2,11,87.0,4.0,2.9,0,0,0,0,1
746643,91.0,0.996,4.2,3.2,11,87.0,4.0,2.9,0,0,0,0,1
746647,91.0,0.996,4.2,3.2,11,84.4,6.1,2.8,0,0,0,0,1
746647,91.0,0.996,4.2,3.2,11,84.4,6.1,2.8,0,0,0,0,1
746647,91.0,0.996,4.2,3.2,11,84.4,6.1,2.8,0,0,0,0,1
747114,113.0,1.0,6.1,3.6,14,104.2,5.7,4.0,0,0,0,0,1
747114,113.0,1.0,6.1,3.6,14,104.2,5.7,4.0,0,0,0,0,1
747114,113.0,1.0,6.1,3.6,14,104.2,5.7,4.0,0,0,0,0,1
747114,113.0,1.0,6.1,3.6,14,104.2,5.7,4.0,0,0,0,0,1
747114,113.0,1.0,6.1,3.6,14,104.2,5.7,4.0,0,0,0,0,1
747118,113.0,1.0,6.1,3.6,14,113.1,3.6,3.6,0,0,0,0,1
747118,113.0,1.0,6.1,3.6,14,113.1,3.6,3.6,0,0,0,0,1
747118,113.0,1.0,6.1,3.6,14,113.1,3.6,3.6,0,0,0,0,1
747122,113.0,1.0,6.1,3.6,14,120.8,8.0,3.5,0,0,0,0,1
747122,113.0,1.0,6.1,3.6,14,120.8,8.0,3.5,0,0,0,0,1
747122,113.0,1.0,6.1,3.6,14,120.8,8.0,3.5,0,0,0,0,1
747136,108.0,0.945,2.7,3.4,13,120.3,4.7,4.0,0,0,0,0,1
747136,108.0,0.945,2.7,3.4,13,120.3,4.7,4.0,0,0,0,0,1
747136,108.0,0.945,2.7,3.4,13,120.3,4.7,4.0,0,0,0,0,1
747136,108.0,0.945,2.7,3.4,13,120.3,4.7,4.0,0,0,0,0,1
747136,108.0,0.945,2.7,3.4,13,120.3,4.7,4.0,0,0,0,0,1
747140,108.0,0.945,2.7,3.4,13,104.2,1.0,3.5,0,0,0,0,1
747140,108.0,0.945,2.7,3.4,13,104.2,1.0,3.5,0,0,0,0,1
747140,108.0,0.945,2.7,3.4,13,104.2,1.0,3.5,0,0,0,0,1
747144,108.0,0.945,2.7,3.4,13,81.0,3.1,2.1,0,0,0,0,1
747144,108.0,0.945,2.7,3.4,13,81.0,3.1,2.1,0,0,0,0,1
747144,108.0,0.945,2.7,3.4,13,81.0,3.1,2.1,0,0,0,0,1
747752,108.0,0.789,3.3,3.1,10,123.0,5.2,3.6,0,0,0,0,1
747752,108.0,0.789,3.3,3.1,10,123.0,5.2,3.6,0,0,0,0,1
747752,108.0,0.789,3.3,3.1,10,123.0,5.2,3.6,0,0,0,0,1
747752,108.0,0.789,3.3,3.1,10,123.0,5.2,3.6,0,0,0,0,1
747752,108.0,0.789,3.3,3.1,10,123.0,5.2,3.6,0,0,0,0,1
747756,108.0,0.789,3.3,3.1,10,123.0,1.9,3.3,0,0,0,0,1
747756,108.0,0.789,3.3,3.1,10,123.0,1.9,3.3,0,0,0,0,1
747756,108.0,0.789,3.3,3.1,10,123.0,1.9,3.3,0,0,0,0,1
747760,108.0,0.789,3.3,3.1,10,96.8,2.9,3.0,0,0,0,0,1
747760,108.0,0.789,3.3,3.1,10,96.8,2.9,3.0,0,0,0,0,1
747760,108.0,0.789,3.3,3.1,10,96.8,2.9,3.0,0,0,0,0,1
748431,155.0,1.0,6.5,4.0,18,151.7,3.6,4.2,0,0,0,0,1
748431,155.0,1.0,6.5,4.0,18,151.7,3.6,4.2,0,0,0,0,1
748431,155.0,1.0,6.5,4.0,18,151.7,3.6,4.2,0,0,0,0,1
748431,155.0,1.0,6.5,4.0,18,151.7,3.6,4.2,0,0,0,0,1
748431,155.0,1.0,6.5,4.0,18,151.7,3.6,4.2,0,0,0,0,1
748435,155.0,1.0,6.5,4.0,18,138.0,7.6,4.0,0,0,0,0,1
748435,155.0,1.0,6.5,4.0,18,138.0,7.6,4.0,0,0,0,0,1
748435,155.0,1.0,6.5,4.0,18,138.0,7.6,4.0,0,0,0,0,1
748439,155.0,1.0,6.5,4.0,18,157.5,8.0,4.2,0,0,0,0,1
748439,155.0,1.0,6.5,4.0,18,157.5,8.0,4.2,0,0,0,0,1
748439,155.0,1.0,6.5,4.0,18,157.5,8.0,4.2,0,0,0,0,1
750388,155.0,1.0,6.2,4.0,18,159.9,7.6,4.6,0,0,0,0,1
750388,155.0,1.0,6.2,4.0,18,159.9,7.6,4.6,0,0,0,0,1
750388,155.0,1.0,6.2,4.0,18,159.9,7.6,4.6,0,0,0,0,1
750388,155.0,1.0,6.2,4.0,18,159.9,7.6,4.6,0,0,0,0,1
750388,155.0,1.0,6.2,4.0,18,159.9,7.6,4.6,0,0,0,0,1
750392,155.0,1.0,6.2,4.0,18,148.5,5.8,4.3,0,0,0,0,1
750392,155.0,1.0,6.2,4.0,18,148.5,5.8,4.3,0,0,0,0,1
750392,155.0,1.0,6.2,4.0,18,148.5,5.8,4.3,0,0,0,0,1
750396,155.0,1.0,6.2,4.0,18,155.4,5.1,4.5,0,0,0,0,1
750396,155.0,1.0,6.2,4.0,18,155.4,5.1,4.5,0,0,0,0,1
750396,155.0,1.0,6.2,4.0,18,155.4,5.1,4.5,0,0,0,0,1
750425,124.0,1.0,3.6,3.9,15,92.5,5.6,3.7,0,0,0,0,1
750425,124.0,1.0,3.6,3.9,15,92.5,5.6,3.7,0,0,0,0,1
750425,124.0,1.0,3.6,3.9,15,92.5,5.6,3.7,0,0,0,0,1
750425,124.0,1.0,3.6,3.9,15,92.5,5.6,3.7,0,0,0,0,1
750425,124.0,1.0,3.6,3.9,15,92.5,5.6,3.7,0,0,0,0,1
750430,124.0,1.0,3.6,3.9,15,123.6,3.2,3.8,0,0,0,0,1
750430,124.0,1.0,3.6,3.9,15,123.6,3.2,3.8,0,0,0,0,1
750430,124.0,1.0,3.6,3.9,15,123.6,3.2,3.8,0,0,0,0,1
750434,124.0,1.0,3.6,3.9,15,155.7,2.1,4.4,0,0,0,0,1
750434,124.0,1.0,3.6,3.9,15,155.7,2.1,4.4,0,0,0,0,1
750434,124.0,1.0,3.6,3.9,15,155.7,2.1,4.4,0,0,0,0,1
750666,145.0,1.0,7.1,4.0,17,124.5,7.4,3.8,0,0,0,0,1
750666,145.0,1.0,7.1,4.0,17,124.5,7.4,3.8,0,0,0,0,1
750666,145.0,1.0,7.1,4.0,17,124.5,7.4,3.8,0,0,0,0,1
750666,145.0,1.0,7.1,4.0,17,124.5,7.4,3.8,0,0,0,0,1
750666,145.0,1.0,7.1,4.0,17,124.5,7.4,3.8,0,0,0,0,1
750671,145.0,1.0,7.1,4.0,17,145.1,5.9,4.3,0,0,0,0,1
750671,145.0,1.0,7.1,4.0,17,145.1,5.9,4.3,0,0,0,0,1
750671,145.0,1.0,7.1,4.0,17,145.1,5.9,4.3,0,0,0,0,1
750676,145.0,1.0,7.1,4.0,17,143.7,8.0,4.2,0,0,0,0,1
750676,145.0,1.0,7.1,4.0,17,143.7,8.0,4.2,0,0,0,0,1
750676,145.0,1.0,7.1,4.0,17,143.7,8.0,4.2,0,0,0,0,1
751001,180.0,1.0,6.0,4.0,20,175.8,5.7,4.5,0,0,0,0,1
751001,180.0,1.0,6.0,4.0,20,175.8,5.7,4.5,0,0,0,0,1
751001,180.0,1.0,6.0,4.0,20,175.8,5.7,4.5,0,0,0,0,1
751001,180.0,1.0,6.0,4.0,20,175.8,5.7,4.5,0,0,0,0,1
751001,180.0,1.0,6.0,4.0,20,175.8,5.7,4.5,0,0,0,0,1
751005,180.0,1.0,6.0,4.0,20,179.9,6.8,4.7,0,0,0,0,1
751005,180.0,1.0,6.0,4.0,20,179.9,6.8,4.7,0,0,0,0,1
751005,180.0,1.0,6.0,4.0,20,179.9,6.8,4.7,0,0,0,0,1
751009,180.0,1.0,6.0,4.0,20,193.5,5.5,4.7,0,0,0,0,1
751009,180.0,1.0,6.0,4.0,20,193.5,5.5,4.7,0,0,0,0,1
751009,180.0,1.0,6.0,4.0,20,193.5,5.5,4.7,0,0,0,0,1
751440,170.0,1.0,6.0,4.0,19,166.7,5.6,4.5,0,0,0,0,1
751440,170.0,1.0,6.0,4.0,19,166.7,5.6,4.5,0,0,0,0,1
751440,170.0,1.0,6.0,4.0,19,166.7,5.6,4.5,0,0,0,0,1
751440,170.0,1.0,6.0,4.0,19,166.7,5.6,4.5,0,0,0,0,1
751440,170.0,1.0,6.0,4.0,19,166.7,5.6,4.5,0,0,0,0,1
751444,170.0,1.0,6.0,4.0,19,170.6,7.2,3.4,0,0,0,0,1
751444,170.0,1.0,6.0,4.0,19,170.6,7.2,3.4,0,0,0,0,1
751444,170.0,1.0,6.0,4.0,19,170.6,7.2,3.4,0,0,0,0,1
751448,170.0,1.0,6.0,4.0,19,182.3,5.4,4.7,0,0,0,0,1
751448,170.0,1.0,6.0,4.0,19,182.3,5.4,4.7,0,0,0,0,1
751448,170.0,1.0,6.0,4.0,19,182.3,5.4,4.7,0,0,0,0,1
751928,154.0,1.0,6.4,4.0,18,143.4,5.8,4.0,0,0,0,0,1
751928,154.0,1.0,6.4,4.0,18,143.4,5.8,4.0,0,0,0,0,1
751928,154.0,1.0,6.4,4.0,18,143.4,5.8,4.0,0,0,0,0,1
751928,154.0,1.0,6.4,4.0,18,143.4,5.8,4.0,0,0,0,0,1
751928,154.0,1.0,6.4,4.0,18,143.4,5.8,4.0,0,0,0,0,1
751932,154.0,1.0,6.4,4.0,18,153.8,5.6,4.0,0,0,0,0,1
751932,154.0,1.0,6.4,4.0,18,153.8,5.6,4.0,0,0,0,0,1
751932,154.0,1.0,6.4,4.0,18,153.8,5.6,4.0,0,0,0,0,1
751936,154.0,1.0,6.4,4.0,18,166.9,7.8,4.5,0,0,0,0,1
751936,154.0,1.0,6.4,4.0,18,166.9,7.8,4.5,0,0,0,0,1
751936,154.0,1.0,6.4,4.0,18,166.9,7.8,4.5,0,0,0,0,1
754873,70.0,0.9470000000000001,2.0,2.2,9,67.4,2.0,2.0,0,0,0,1,0
754873,70.0,0.9470000000000001,2.0,2.2,9,67.4,2.0,2.0,0,0,0,1,0
754873,70.0,0.9470000000000001,2.0,2.2,9,67.4,2.0,2.0,0,0,0,1,0
754873,70.0,0.9470000000000001,2.0,2.2,9,67.4,2.0,2.0,0,0,0,1,0
754873,70.0,0.9470000000000001,2.0,2.2,9,67.4,2.0,2.0,0,0,0,1,0
754877,70.0,0.9470000000000001,2.0,2.2,9,81.1,4.3,2.5,0,0,0,1,0
754877,70.0,0.9470000000000001,2.0,2.2,9,81.1,4.3,2.5,0,0,0,1,0
754877,70.0,0.9470000000000001,2.0,2.2,9,81.1,4.3,2.5,0,0,0,1,0
754881,70.0,0.9470000000000001,2.0,2.2,9,71.8,0.0,2.3,0,0,0,1,0
754881,70.0,0.9470000000000001,2.0,2.2,9,71.8,0.0,2.3,0,0,0,1,0
754881,70.0,0.9470000000000001,2.0,2.2,9,71.8,0.0,2.3,0,0,0,1,0
755427,171.0,1.0,5.8,4.0,19,159.3,5.1,4.3,0,0,0,0,1
755427,171.0,1.0,5.8,4.0,19,159.3,5.1,4.3,0,0,0,0,1
755427,171.0,1.0,5.8,4.0,19,159.3,5.1,4.3,0,0,0,0,1
755427,171.0,1.0,5.8,4.0,19,159.3,5.1,4.3,0,0,0,0,1
755427,171.0,1.0,5.8,4.0,19,159.3,5.1,4.3,0,0,0,0,1
755432,171.0,1.0,5.8,4.0,19,170.7,6.3,4.6,0,0,0,0,1
755432,171.0,1.0,5.8,4.0,19,170.7,6.3,4.6,0,0,0,0,1
755432,171.0,1.0,5.8,4.0,19,170.7,6.3,4.6,0,0,0,0,1
755436,171.0,1.0,5.8,4.0,19,175.1,6.0,4.4,0,0,0,0,1
755436,171.0,1.0,5.8,4.0,19,175.1,6.0,4.4,0,0,0,0,1
755436,171.0,1.0,5.8,4.0,19,175.1,6.0,4.4,0,0,0,0,1
756104,133.0,1.0,5.7,3.9,16,133.6,6.0,4.0,0,0,0,0,1
756104,133.0,1.0,5.7,3.9,16,133.6,6.0,4.0,0,0,0,0,1
756104,133.0,1.0,5.7,3.9,16,133.6,6.0,4.0,0,0,0,0,1
756104,133.0,1.0,5.7,3.9,16,133.6,6.0,4.0,0,0,0,0,1
756104,133.0,1.0,5.7,3.9,16,133.6,6.0,4.0,0,0,0,0,1
756108,133.0,1.0,5.7,3.9,16,122.1,5.7,3.7,0,0,0,0,1
756108,133.0,1.0,5.7,3.9,16,122.1,5.7,3.7,0,0,0,0,1
756108,133.0,1.0,5.7,3.9,16,122.1,5.7,3.7,0,0,0,0,1
756112,133.0,1.0,5.7,3.9,16,132.6,5.1,4.0,0,0,0,0,1
756112,133.0,1.0,5.7,3.9,16,132.6,5.1,4.0,0,0,0,0,1
756112,133.0,1.0,5.7,3.9,16,132.6,5.1,4.0,0,0,0,0,1
756273,52.0,0.943,4.8,1.8,8,50.2,6.0,2.0,0,0,0,1,0
756273,52.0,0.943,4.8,1.8,8,50.2,6.0,2.0,0,0,0,1,0
756273,52.0,0.943,4.8,1.8,8,50.2,6.0,2.0,0,0,0,1,0
756273,52.0,0.943,4.8,1.8,8,50.2,6.0,2.0,0,0,0,1,0
756273,52.0,0.943,4.8,1.8,8,50.2,6.0,2.0,0,0,0,1,0
756277,52.0,0.943,4.8,1.8,8,54.7,3.8,1.8,0,0,0,1,0
756277,52.0,0.943,4.8,1.8,8,54.7,3.8,1.8,0,0,0,1,0
756277,52.0,0.943,4.8,1.8,8,54.7,3.8,1.8,0,0,0,1,0
756277,52.0,0.943,4.8,1.8,8,54.7,3.8,1.8,0,0,0,1,0
756281,52.0,0.943,4.8,1.8,8,50.3,4.6,1.6,0,0,0,0,1
756281,52.0,0.943,4.8,1.8,8,50.3,4.6,1.6,0,0,0,0,1
756281,52.0,0.943,4.8,1.8,8,50.3,4.6,1.6,0,0,0,0,1
758448,60.0,0.934,5.3,2.0,8,55.3,6.8,2.1,0,0,0,1,0
758448,60.0,0.934,5.3,2.0,8,55.3,6.8,2.1,0,0,0,1,0
758448,60.0,0.934,5.3,2.0,8,55.3,6.8,2.1,0,0,0,1,0
758448,60.0,0.934,5.3,2.0,8,55.3,6.8,2.1,0,0,0,1,0
758448,60.0,0.934,5.3,2.0,8,55.3,6.8,2.1,0,0,0,1,0
758452,60.0,0.934,5.3,2.0,8,59.5,2.8,2.0,0,0,0,1,0
758452,60.0,0.934,5.3,2.0,8,59.5,2.8,2.0,0,0,0,1,0
758452,60.0,0.934,5.3,2.0,8,59.5,2.8,2.0,0,0,0,1,0
758456,60.0,0.934,5.3,2.0,8,70.9,6.2,2.3,0,0,1,0,0
758456,60.0,0.934,5.3,2.0,8,70.9,6.2,2.3,0,0,1,0,0
759434,40.0,0.685,2.8,1.5,6,22.9,1.4,1.5,0,1,0,0,0
759434,40.0,0.685,2.8,1.5,6,22.9,1.4,1.5,0,1,0,0,0
759434,40.0,0.685,2.8,1.5,6,22.9,1.4,1.5,0,1,0,0,0
759434,40.0,0.685,2.8,1.5,6,22.9,1.4,1.5,0,1,0,0,0
759439,40.0,0.685,2.8,1.5,6,37.5,3.2,1.5,0,1,0,0,0
759439,40.0,0.685,2.8,1.5,6,37.5,3.2,1.5,0,1,0,0,0
759439,40.0,0.685,2.8,1.5,6,37.5,3.2,1.5,0,1,0,0,0
759443,40.0,0.685,2.8,1.5,6,58.9,4.0,1.7,0,0,1,0,0
759443,40.0,0.685,2.8,1.5,6,58.9,4.0,1.7,0,0,1,0,0
760144,134.0,0.992,5.0,4.0,16,131.3,3.1,4.2,0,0,0,0,1
760144,134.0,0.992,5.0,4.0,16,131.3,3.1,4.2,0,0,0,0,1
760144,134.0,0.992,5.0,4.0,16,131.3,3.1,4.2,0,0,0,0,1
760144,134.0,0.992,5.0,4.0,16,131.3,3.1,4.2,0,0,0,0,1
760144,134.0,0.992,5.0,4.0,16,131.3,3.1,4.2,0,0,0,0,1
760149,134.0,0.992,5.0,4.0,16,134.3,4.2,3.9,0,0,0,0,1
760149,134.0,0.992,5.0,4.0,16,134.3,4.2,3.9,0,0,0,0,1
760149,134.0,0.992,5.0,4.0,16,134.3,4.2,3.9,0,0,0,0,1
760154,134.0,0.992,5.0,4.0,16,133.4,7.8,4.1,0,0,0,0,1
760154,134.0,0.992,5.0,4.0,16,133.4,7.8,4.1,0,0,0,0,1
760154,134.0,0.992,5.0,4.0,16,133.4,7.8,4.1,0,0,0,0,1
760695,102.0,0.992,7.7,2.9,13,99.2,8.0,3.1,0,0,0,0,1
760695,102.0,0.992,7.7,2.9,13,99.2,8.0,3.1,0,0,0,0,1
760695,102.0,0.992,7.7,2.9,13,99.2,8.0,3.1,0,0,0,0,1
760695,102.0,0.992,7.7,2.9,13,99.2,8.0,3.1,0,0,0,0,1
760695,102.0,0.992,7.7,2.9,13,99.2,8.0,3.1,0,0,0,0,1
760700,102.0,0.992,7.7,2.9,13,101.9,6.8,3.0,0,0,0,0,1
760700,102.0,0.992,7.7,2.9,13,101.9,6.8,3.0,0,0,0,0,1
760700,102.0,0.992,7.7,2.9,13,101.9,6.8,3.0,0,0,0,0,1
760704,102.0,0.992,7.7,2.9,13,124.0,8.0,2.4,0,0,0,0,1
760704,102.0,0.992,7.7,2.9,13,124.0,8.0,2.4,0,0,0,0,1
760704,102.0,0.992,7.7,2.9,13,124.0,8.0,2.4,0,0,0,0,1
760770,65.0,0.943,5.5,2.4,9,55.5,6.4,2.3,0,0,0,1,0
760770,65.0,0.943,5.5,2.4,9,55.5,6.4,2.3,0,0,0,1,0
760770,65.0,0.943,5.5,2.4,9,55.5,6.4,2.3,0,0,0,1,0
760770,65.0,0.943,5.5,2.4,9,55.5,6.4,2.3,0,0,0,1,0
760770,65.0,0.943,5.5,2.4,9,55.5,6.4,2.3,0,0,0,1,0
760774,65.0,0.943,5.5,2.4,9,66.8,3.0,2.3,0,0,0,1,0
760774,65.0,0.943,5.5,2.4,9,66.8,3.0,2.3,0,0,0,1,0
760774,65.0,0.943,5.5,2.4,9,66.8,3.0,2.3,0,0,0,1,0
760778,65.0,0.943,5.5,2.4,9,81.8,7.5,2.8,0,0,0,1,0
760778,65.0,0.943,5.5,2.4,9,81.8,7.5,2.8,0,0,0,1,0
760778,65.0,0.943,5.5,2.4,9,81.8,7.5,2.8,0,0,0,1,0
761914,45.0,0.99,6.2,1.7,7,47.4,5.7,1.7,0,0,0,0,1
761914,45.0,0.99,6.2,1.7,7,47.4,5.7,1.7,0,0,0,0,1
761914,45.0,0.99,6.2,1.7,7,47.4,5.7,1.7,0,0,0,0,1
761918,45.0,0.99,6.2,1.7,7,49.9,8.0,1.8,0,0,0,0,1
761918,45.0,0.99,6.2,1.7,7,49.9,8.0,1.8,0,0,0,0,1
764254,80.0,0.983,6.3,2.6,10,68.8,5.0,2.4,0,0,0,1,0
764254,80.0,0.983,6.3,2.6,10,68.8,5.0,2.4,0,0,0,1,0
764254,80.0,0.983,6.3,2.6,10,68.8,5.0,2.4,0,0,0,1,0
764254,80.0,0.983,6.3,2.6,10,68.8,5.0,2.4,0,0,0,1,0
764254,80.0,0.983,6.3,2.6,10,68.8,5.0,2.4,0,0,0,1,0
764258,80.0,0.983,6.3,2.6,10,77.5,6.6,2.5,0,0,0,1,0
764258,80.0,0.983,6.3,2.6,10,77.5,6.6,2.5,0,0,0,1,0
764258,80.0,0.983,6.3,2.6,10,77.5,6.6,2.5,0,0,0,1,0
764262,80.0,0.983,6.3,2.6,10,83.9,7.4,2.6,0,0,0,0,1
764262,80.0,0.983,6.3,2.6,10,83.9,7.4,2.6,0,0,0,0,1
764262,80.0,0.983,6.3,2.6,10,83.9,7.4,2.6,0,0,0,0,1
765393,99.0,0.98,6.4,2.9,12,98.2,7.4,3.3,0,0,0,0,1
765393,99.0,0.98,6.4,2.9,12,98.2,7.4,3.3,0,0,0,0,1
765393,99.0,0.98,6.4,2.9,12,98.2,7.4,3.3,0,0,0,0,1
765393,99.0,0.98,6.4,2.9,12,98.2,7.4,3.3,0,0,0,0,1
765393,99.0,0.98,6.4,2.9,12,98.2,7.4,3.3,0,0,0,0,1
765397,99.0,0.98,6.4,2.9,12,80.8,3.5,2.9,0,0,0,1,0
765397,99.0,0.98,6.4,2.9,12,80.8,3.5,2.9,0,0,0,1,0
765397,99.0,0.98,6.4,2.9,12,80.8,3.5,2.9,0,0,0,1,0
765401,99.0,0.98,6.4,2.9,12,115.3,8.0,2.7,0,0,0,0,1
765401,99.0,0.98,6.4,2.9,12,115.3,8.0,2.7,0,0,0,0,1
765401,99.0,0.98,6.4,2.9,12,115.3,8.0,2.7,0,0,0,0,1
765847,118.0,1.0,5.3,3.9,14,117.1,7.7,3.6,0,0,0,0,1
765847,118.0,1.0,5.3,3.9,14,117.1,7.7,3.6,0,0,0,0,1
765847,118.0,1.0,5.3,3.9,14,117.1,7.7,3.6,0,0,0,0,1
765847,118.0,1.0,5.3,3.9,14,117.1,7.7,3.6,0,0,0,0,1
765847,118.0,1.0,5.3,3.9,14,117.1,7.7,3.6,0,0,0,0,1
765852,118.0,1.0,5.3,3.9,14,125.2,4.0,3.8,0,0,0,0,1
765852,118.0,1.0,5.3,3.9,14,125.2,4.0,3.8,0,0,0,0,1
765852,118.0,1.0,5.3,3.9,14,125.2,4.0,3.8,0,0,0,0,1
765857,118.0,1.0,5.3,3.9,14,117.5,4.1,3.7,0,0,0,0,1
765857,118.0,1.0,5.3,3.9,14,117.5,4.1,3.7,0,0,0,0,1
765857,118.0,1.0,5.3,3.9,14,117.5,4.1,3.7,0,0,0,0,1
765932,95.0,0.919,5.5,3.3,12,83.6,5.1,3.4,0,0,0,0,1
765936,95.0,0.919,5.5,3.3,12,89.6,5.5,2.4,0,0,0,1,0
765936,95.0,0.919,5.5,3.3,12,89.6,5.5,2.4,0,0,0,1,0
765936,95.0,0.919,5.5,3.3,12,89.6,5.5,2.4,0,0,0,1,0
765940,95.0,0.919,5.5,3.3,12,186.8,5.9,4.5,0,0,0,0,1
765940,95.0,0.919,5.5,3.3,12,186.8,5.9,4.5,0,0,0,0,1
765940,95.0,0.919,5.5,3.3,12,186.8,5.9,4.5,0,0,0,0,1
767971,60.0,0.9420000000000001,6.0,2.2,8,61.2,5.0,2.0,0,0,0,1,0
767971,60.0,0.9420000000000001,6.0,2.2,8,61.2,5.0,2.0,0,0,0,1,0
767971,60.0,0.9420000000000001,6.0,2.2,8,61.2,5.0,2.0,0,0,0,1,0
767971,60.0,0.9420000000000001,6.0,2.2,8,61.2,5.0,2.0,0,0,0,1,0
767971,60.0,0.9420000000000001,6.0,2.2,8,61.2,5.0,2.0,0,0,0,1,0
767975,60.0,0.9420000000000001,6.0,2.2,8,60.6,5.2,2.2,0,0,0,1,0
767975,60.0,0.9420000000000001,6.0,2.2,8,60.6,5.2,2.2,0,0,0,1,0
767975,60.0,0.9420000000000001,6.0,2.2,8,60.6,5.2,2.2,0,0,0,1,0
767979,60.0,0.9420000000000001,6.0,2.2,8,67.6,7.7,2.0,0,0,0,0,1
767979,60.0,0.9420000000000001,6.0,2.2,8,67.6,7.7,2.0,0,0,0,0,1
767979,60.0,0.9420000000000001,6.0,2.2,8,67.6,7.7,2.0,0,0,0,0,1
768328,126.0,1.0,6.0,3.9,15,121.1,6.5,3.6,0,0,0,0,1
768328,126.0,1.0,6.0,3.9,15,121.1,6.5,3.6,0,0,0,0,1
768328,126.0,1.0,6.0,3.9,15,121.1,6.5,3.6,0,0,0,0,1
768328,126.0,1.0,6.0,3.9,15,121.1,6.5,3.6,0,0,0,0,1
768328,126.0,1.0,6.0,3.9,15,121.1,6.5,3.6,0,0,0,0,1
768332,126.0,1.0,6.0,3.9,15,122.9,3.8,3.6,0,0,0,0,1
768332,126.0,1.0,6.0,3.9,15,122.9,3.8,3.6,0,0,0,0,1
768332,126.0,1.0,6.0,3.9,15,122.9,3.8,3.6,0,0,0,0,1
768336,126.0,1.0,6.0,3.9,15,130.0,7.7,3.8,0,0,0,0,1
768336,126.0,1.0,6.0,3.9,15,130.0,7.7,3.8,0,0,0,0,1
768336,126.0,1.0,6.0,3.9,15,130.0,7.7,3.8,0,0,0,0,1
770428,101.0,1.0,4.9,3.5,12,98.9,6.1,3.2,0,0,0,0,1
770428,101.0,1.0,4.9,3.5,12,98.9,6.1,3.2,0,0,0,0,1
770428,101.0,1.0,4.9,3.5,12,98.9,6.1,3.2,0,0,0,0,1
770428,101.0,1.0,4.9,3.5,12,98.9,6.1,3.2,0,0,0,0,1
770428,101.0,1.0,4.9,3.5,12,98.9,6.1,3.2,0,0,0,0,1
770432,101.0,1.0,4.9,3.5,12,118.8,4.5,3.9,0,0,0,0,1
770432,101.0,1.0,4.9,3.5,12,118.8,4.5,3.9,0,0,0,0,1
770432,101.0,1.0,4.9,3.5,12,118.8,4.5,3.9,0,0,0,0,1
770436,101.0,1.0,4.9,3.5,12,97.0,4.2,3.3,0,0,0,0,1
770436,101.0,1.0,4.9,3.5,12,97.0,4.2,3.3,0,0,0,0,1
770436,101.0,1.0,4.9,3.5,12,97.0,4.2,3.3,0,0,0,0,1
772453,88.0,0.97,6.4,3.3,11,99.0,7.7,3.5,0,0,0,0,1
772453,88.0,0.97,6.4,3.3,11,99.0,7.7,3.5,0,0,0,0,1
772453,88.0,0.97,6.4,3.3,11,99.0,7.7,3.5,0,0,0,0,1
772453,88.0,0.97,6.4,3.3,11,99.0,7.7,3.5,0,0,0,0,1
772453,88.0,0.97,6.4,3.3,11,99.0,7.7,3.5,0,0,0,0,1
772457,88.0,0.97,6.4,3.3,11,88.0,4.1,3.4,0,0,0,0,1
772457,88.0,0.97,6.4,3.3,11,88.0,4.1,3.4,0,0,0,0,1
772457,88.0,0.97,6.4,3.3,11,88.0,4.1,3.4,0,0,0,0,1
772461,88.0,0.97,6.4,3.3,11,82.5,7.5,3.0,0,0,0,0,1
772461,88.0,0.97,6.4,3.3,11,82.5,7.5,3.0,0,0,0,0,1
772461,88.0,0.97,6.4,3.3,11,82.5,7.5,3.0,0,0,0,0,1
772599,72.0,0.972,6.6,2.7,10,71.2,5.3,2.5,0,0,0,0,1
772599,72.0,0.972,6.6,2.7,10,71.2,5.3,2.5,0,0,0,0,1
772599,72.0,0.972,6.6,2.7,10,71.2,5.3,2.5,0,0,0,0,1
772599,72.0,0.972,6.6,2.7,10,71.2,5.3,2.5,0,0,0,0,1
772599,72.0,0.972,6.6,2.7,10,71.2,5.3,2.5,0,0,0,0,1
772604,72.0,0.972,6.6,2.7,10,68.0,7.2,2.7,0,0,0,0,1
772604,72.0,0.972,6.6,2.7,10,68.0,7.2,2.7,0,0,0,0,1
772604,72.0,0.972,6.6,2.7,10,68.0,7.2,2.7,0,0,0,0,1
772608,72.0,0.972,6.6,2.7,10,83.3,7.1,2.7,0,0,0,0,1
772608,72.0,0.972,6.6,2.7,10,83.3,7.1,2.7,0,0,0,0,1
772608,72.0,0.972,6.6,2.7,10,83.3,7.1,2.7,0,0,0,0,1
772661,30.0,0.628,3.0,1.7,5,36.9,5.2,1.7,0,0,1,0,0
772661,30.0,0.628,3.0,1.7,5,36.9,5.2,1.7,0,0,1,0,0
772661,30.0,0.628,3.0,1.7,5,36.9,5.2,1.7,0,0,1,0,0
772665,30.0,0.628,3.0,1.7,5,30.3,2.2,1.6,0,1,0,0,0
772665,30.0,0.628,3.0,1.7,5,30.3,2.2,1.6,0,1,0,0,0
772665,30.0,0.628,3.0,1.7,5,30.3,2.2,1.6,0,1,0,0,0
772669,30.0,0.628,3.0,1.7,5,56.7,1.6,2.1,0,0,0,1,0
772669,30.0,0.628,3.0,1.7,5,56.7,1.6,2.1,0,0,0,1,0
772669,30.0,0.628,3.0,1.7,5,56.7,1.6,2.1,0,0,0,1,0
773095,96.0,0.958,6.3,3.4,12,90.8,6.7,3.1,0,0,0,0,1
773095,96.0,0.958,6.3,3.4,12,90.8,6.7,3.1,0,0,0,0,1
773095,96.0,0.958,6.3,3.4,12,90.8,6.7,3.1,0,0,0,0,1
773095,96.0,0.958,6.3,3.4,12,90.8,6.7,3.1,0,0,0,0,1
773095,96.0,0.958,6.3,3.4,12,90.8,6.7,3.1,0,0,0,0,1
773099,96.0,0.958,6.3,3.4,12,95.8,5.3,3.3,0,0,0,0,1
773099,96.0,0.958,6.3,3.4,12,95.8,5.3,3.3,0,0,0,0,1
773099,96.0,0.958,6.3,3.4,12,95.8,5.3,3.3,0,0,0,0,1
773103,96.0,0.958,6.3,3.4,12,117.4,7.0,3.8,0,0,0,0,1
773103,96.0,0.958,6.3,3.4,12,117.4,7.0,3.8,0,0,0,0,1
773103,96.0,0.958,6.3,3.4,12,117.4,7.0,3.8,0,0,0,0,1
773421,136.0,1.0,6.4,4.0,16,128.1,3.1,3.9,0,0,0,0,1
773421,136.0,1.0,6.4,4.0,16,128.1,3.1,3.9,0,0,0,0,1
773421,136.0,1.0,6.4,4.0,16,128.1,3.1,3.9,0,0,0,0,1
773421,136.0,1.0,6.4,4.0,16,128.1,3.1,3.9,0,0,0,0,1
773421,136.0,1.0,6.4,4.0,16,128.1,3.1,3.9,0,0,0,0,1
773426,136.0,1.0,6.4,4.0,16,132.8,8.0,4.1,0,0,0,0,1
773426,136.0,1.0,6.4,4.0,16,132.8,8.0,4.1,0,0,0,0,1
773426,136.0,1.0,6.4,4.0,16,132.8,8.0,4.1,0,0,0,0,1
773430,136.0,1.0,6.4,4.0,16,168.3,8.0,4.5,0,0,0,0,1
773430,136.0,1.0,6.4,4.0,16,168.3,8.0,4.5,0,0,0,0,1
773430,136.0,1.0,6.4,4.0,16,168.3,8.0,4.5,0,0,0,0,1
773470,107.0,1.0,6.8,3.4,13,103.8,5.6,3.0,0,0,0,0,1
773470,107.0,1.0,6.8,3.4,13,103.8,5.6,3.0,0,0,0,0,1
773470,107.0,1.0,6.8,3.4,13,103.8,5.6,3.0,0,0,0,0,1
773470,107.0,1.0,6.8,3.4,13,103.8,5.6,3.0,0,0,0,0,1
773470,107.0,1.0,6.8,3.4,13,103.8,5.6,3.0,0,0,0,0,1
773475,107.0,1.0,6.8,3.4,13,101.5,6.8,3.4,0,0,0,0,1
773475,107.0,1.0,6.8,3.4,13,101.5,6.8,3.4,0,0,0,0,1
773475,107.0,1.0,6.8,3.4,13,101.5,6.8,3.4,0,0,0,0,1
773479,107.0,1.0,6.8,3.4,13,111.9,8.0,3.5,0,0,0,0,1
773479,107.0,1.0,6.8,3.4,13,111.9,8.0,3.5,0,0,0,0,1
773479,107.0,1.0,6.8,3.4,13,111.9,8.0,3.5,0,0,0,0,1
774697,109.0,1.0,7.9,3.8,13,103.7,8.0,3.5,0,0,0,0,1
774697,109.0,1.0,7.9,3.8,13,103.7,8.0,3.5,0,0,0,0,1
774697,109.0,1.0,7.9,3.8,13,103.7,8.0,3.5,0,0,0,0,1
774697,109.0,1.0,7.9,3.8,13,103.7,8.0,3.5,0,0,0,0,1
774697,109.0,1.0,7.9,3.8,13,103.7,8.0,3.5,0,0,0,0,1
774702,109.0,1.0,7.9,3.8,13,106.8,7.7,3.7,0,0,0,0,1
774702,109.0,1.0,7.9,3.8,13,106.8,7.7,3.7,0,0,0,0,1
774702,109.0,1.0,7.9,3.8,13,106.8,7.7,3.7,0,0,0,0,1
774707,109.0,1.0,7.9,3.8,13,128.3,7.9,4.0,0,0,0,0,1
774707,109.0,1.0,7.9,3.8,13,128.3,7.9,4.0,0,0,0,0,1
774707,109.0,1.0,7.9,3.8,13,128.3,7.9,4.0,0,0,0,0,1
776208,151.0,1.0,6.9,4.0,17,105.6,7.8,3.5,0,0,0,0,1
776208,151.0,1.0,6.9,4.0,17,105.6,7.8,3.5,0,0,0,0,1
776208,151.0,1.0,6.9,4.0,17,105.6,7.8,3.5,0,0,0,0,1
776208,151.0,1.0,6.9,4.0,17,105.6,7.8,3.5,0,0,0,0,1
776208,151.0,1.0,6.9,4.0,17,105.6,7.8,3.5,0,0,0,0,1
776213,151.0,1.0,6.9,4.0,17,140.7,7.7,4.2,0,0,0,0,1
776213,151.0,1.0,6.9,4.0,17,140.7,7.7,4.2,0,0,0,0,1
776213,151.0,1.0,6.9,4.0,17,140.7,7.7,4.2,0,0,0,0,1
776218,151.0,1.0,6.9,4.0,17,143.0,5.3,4.2,0,0,0,0,1
776218,151.0,1.0,6.9,4.0,17,143.0,5.3,4.2,0,0,0,0,1
776218,151.0,1.0,6.9,4.0,17,143.0,5.3,4.2,0,0,0,0,1
776443,86.0,0.993,4.5,2.9,11,78.9,2.3,2.8,0,0,0,1,0
776443,86.0,0.993,4.5,2.9,11,78.9,2.3,2.8,0,0,0,1,0
776443,86.0,0.993,4.5,2.9,11,78.9,2.3,2.8,0,0,0,1,0
776443,86.0,0.993,4.5,2.9,11,78.9,2.3,2.8,0,0,0,1,0
776443,86.0,0.993,4.5,2.9,11,78.9,2.3,2.8,0,0,0,1,0
776447,86.0,0.993,4.5,2.9,11,78.0,4.2,2.7,0,0,0,0,1
776447,86.0,0.993,4.5,2.9,11,78.0,4.2,2.7,0,0,0,0,1
776447,86.0,0.993,4.5,2.9,11,78.0,4.2,2.7,0,0,0,0,1
776447,86.0,0.993,4.5,2.9,11,78.0,4.2,2.7,0,0,0,0,1
776451,86.0,0.993,4.5,2.9,11,79.9,7.1,2.9,0,0,0,0,1
776451,86.0,0.993,4.5,2.9,11,79.9,7.1,2.9,0,0,0,0,1
776451,86.0,0.993,4.5,2.9,11,79.9,7.1,2.9,0,0,0,0,1
776544,121.0,1.0,5.5,3.8,14,118.5,7.1,3.8,0,0,0,0,1
776544,121.0,1.0,5.5,3.8,14,118.5,7.1,3.8,0,0,0,0,1
776544,121.0,1.0,5.5,3.8,14,118.5,7.1,3.8,0,0,0,0,1
776544,121.0,1.0,5.5,3.8,14,118.5,7.1,3.8,0,0,0,0,1
776544,121.0,1.0,5.5,3.8,14,118.5,7.1,3.8,0,0,0,0,1
776548,121.0,1.0,5.5,3.8,14,101.3,5.1,3.3,0,0,0,0,1
776548,121.0,1.0,5.5,3.8,14,101.3,5.1,3.3,0,0,0,0,1
776548,121.0,1.0,5.5,3.8,14,101.3,5.1,3.3,0,0,0,0,1
776552,121.0,1.0,5.5,3.8,14,126.9,4.4,4.0,0,0,0,0,1
776552,121.0,1.0,5.5,3.8,14,126.9,4.4,4.0,0,0,0,0,1
776552,121.0,1.0,5.5,3.8,14,126.9,4.4,4.0,0,0,0,0,1
776562,103.0,0.985,6.5,3.3,13,100.5,7.8,3.4,0,0,0,0,1
776562,103.0,0.985,6.5,3.3,13,100.5,7.8,3.4,0,0,0,0,1
776562,103.0,0.985,6.5,3.3,13,100.5,7.8,3.4,0,0,0,0,1
776562,103.0,0.985,6.5,3.3,13,100.5,7.8,3.4,0,0,0,0,1
776562,103.0,0.985,6.5,3.3,13,100.5,7.8,3.4,0,0,0,0,1
776566,103.0,0.985,6.5,3.3,13,89.4,6.8,3.2,0,0,0,0,1
776566,103.0,0.985,6.5,3.3,13,89.4,6.8,3.2,0,0,0,0,1
776566,103.0,0.985,6.5,3.3,13,89.4,6.8,3.2,0,0,0,0,1
776570,103.0,0.985,6.5,3.3,13,110.1,4.8,3.6,0,0,0,0,1
776570,103.0,0.985,6.5,3.3,13,110.1,4.8,3.6,0,0,0,0,1
776570,103.0,0.985,6.5,3.3,13,110.1,4.8,3.6,0,0,0,0,1
776900,90.0,0.981,7.0,2.8,11,91.0,8.0,3.2,0,0,0,0,1
776900,90.0,0.981,7.0,2.8,11,91.0,8.0,3.2,0,0,0,0,1
776900,90.0,0.981,7.0,2.8,11,91.0,8.0,3.2,0,0,0,0,1
776900,90.0,0.981,7.0,2.8,11,91.0,8.0,3.2,0,0,0,0,1
776900,90.0,0.981,7.0,2.8,11,91.0,8.0,3.2,0,0,0,0,1
776904,90.0,0.981,7.0,2.8,11,84.7,4.9,2.6,0,0,0,0,1
776904,90.0,0.981,7.0,2.8,11,84.7,4.9,2.6,0,0,0,0,1
776908,90.0,0.981,7.0,2.8,11,85.4,7.9,2.9,0,0,0,0,1
776908,90.0,0.981,7.0,2.8,11,85.4,7.9,2.9,0,0,0,0,1
776908,90.0,0.981,7.0,2.8,11,85.4,7.9,2.9,0,0,0,0,1
777291,125.0,0.992,7.8,4.0,15,123.8,8.0,4.2,0,0,0,0,1
777291,125.0,0.992,7.8,4.0,15,123.8,8.0,4.2,0,0,0,0,1
777291,125.0,0.992,7.8,4.0,15,123.8,8.0,4.2,0,0,0,0,1
777291,125.0,0.992,7.8,4.0,15,123.8,8.0,4.2,0,0,0,0,1
777291,125.0,0.992,7.8,4.0,15,123.8,8.0,4.2,0,0,0,0,1
777296,125.0,0.992,7.8,4.0,15,122.2,7.5,4.0,0,0,0,0,1
777296,125.0,0.992,7.8,4.0,15,122.2,7.5,4.0,0,0,0,0,1
777296,125.0,0.992,7.8,4.0,15,122.2,7.5,4.0,0,0,0,0,1
777301,125.0,0.992,7.8,4.0,15,137.0,7.5,4.2,0,0,0,0,1
777301,125.0,0.992,7.8,4.0,15,137.0,7.5,4.2,0,0,0,0,1
777301,125.0,0.992,7.8,4.0,15,137.0,7.5,4.2,0,0,0,0,1
777458,168.0,1.0,6.0,4.0,19,148.9,6.5,4.5,0,0,0,0,1
777458,168.0,1.0,6.0,4.0,19,148.9,6.5,4.5,0,0,0,0,1
777458,168.0,1.0,6.0,4.0,19,148.9,6.5,4.5,0,0,0,0,1
777458,168.0,1.0,6.0,4.0,19,148.9,6.5,4.5,0,0,0,0,1
777458,168.0,1.0,6.0,4.0,19,148.9,6.5,4.5,0,0,0,0,1
777462,168.0,1.0,6.0,4.0,19,158.4,4.2,4.5,0,0,0,0,1
777462,168.0,1.0,6.0,4.0,19,158.4,4.2,4.5,0,0,0,0,1
777462,168.0,1.0,6.0,4.0,19,158.4,4.2,4.5,0,0,0,0,1
777467,168.0,1.0,6.0,4.0,19,182.8,7.4,4.6,0,0,0,0,1
777467,168.0,1.0,6.0,4.0,19,182.8,7.4,4.6,0,0,0,0,1
777467,168.0,1.0,6.0,4.0,19,182.8,7.4,4.6,0,0,0,0,1
777699,76.0,0.812,5.3,2.1,7,17.0,6.6,1.1,0,0,1,0,0
777703,76.0,0.812,5.3,2.1,7,73.6,2.6,2.4,0,0,0,0,1
777703,76.0,0.812,5.3,2.1,7,73.6,2.6,2.4,0,0,0,0,1
777703,76.0,0.812,5.3,2.1,7,73.6,2.6,2.4,0,0,0,0,1
777707,76.0,0.812,5.3,2.1,7,63.0,6.7,1.9,0,0,0,0,1
777707,76.0,0.812,5.3,2.1,7,63.0,6.7,1.9,0,0,0,0,1
777707,76.0,0.812,5.3,2.1,7,63.0,6.7,1.9,0,0,0,0,1
778276,161.0,1.0,7.4,4.0,18,160.2,7.9,4.5,0,0,0,0,1
778276,161.0,1.0,7.4,4.0,18,160.2,7.9,4.5,0,0,0,0,1
778276,161.0,1.0,7.4,4.0,18,160.2,7.9,4.5,0,0,0,0,1
778276,161.0,1.0,7.4,4.0,18,160.2,7.9,4.5,0,0,0,0,1
778276,161.0,1.0,7.4,4.0,18,160.2,7.9,4.5,0,0,0,0,1
778280,161.0,1.0,7.4,4.0,18,134.5,6.2,4.2,0,0,0,0,1
778280,161.0,1.0,7.4,4.0,18,134.5,6.2,4.2,0,0,0,0,1
778280,161.0,1.0,7.4,4.0,18,134.5,6.2,4.2,0,0,0,0,1
778288,161.0,1.0,7.4,4.0,18,167.3,8.0,4.4,0,0,0,0,1
778288,161.0,1.0,7.4,4.0,18,167.3,8.0,4.4,0,0,0,0,1
778288,161.0,1.0,7.4,4.0,18,167.3,8.0,4.4,0,0,0,0,1
778441,123.0,0.992,7.6,3.5,15,119.4,7.8,3.9,0,0,0,1,0
778441,123.0,0.992,7.6,3.5,15,119.4,7.8,3.9,0,0,0,1,0
778441,123.0,0.992,7.6,3.5,15,119.4,7.8,3.9,0,0,0,1,0
778441,123.0,0.992,7.6,3.5,15,119.4,7.8,3.9,0,0,0,1,0
778441,123.0,0.992,7.6,3.5,15,119.4,7.8,3.9,0,0,0,1,0
778446,123.0,0.992,7.6,3.5,15,77.3,7.7,3.2,0,0,0,0,1
778446,123.0,0.992,7.6,3.5,15,77.3,7.7,3.2,0,0,0,0,1
778446,123.0,0.992,7.6,3.5,15,77.3,7.7,3.2,0,0,0,0,1
778450,123.0,0.992,7.6,3.5,15,128.1,7.4,3.8,0,0,0,0,1
778450,123.0,0.992,7.6,3.5,15,128.1,7.4,3.8,0,0,0,0,1
778450,123.0,0.992,7.6,3.5,15,128.1,7.4,3.8,0,0,0,0,1
778642,152.0,1.0,4.9,4.0,18,151.1,4.1,4.4,0,0,0,0,1
778642,152.0,1.0,4.9,4.0,18,151.1,4.1,4.4,0,0,0,0,1
778642,152.0,1.0,4.9,4.0,18,151.1,4.1,4.4,0,0,0,0,1
778642,152.0,1.0,4.9,4.0,18,151.1,4.1,4.4,0,0,0,0,1
778642,152.0,1.0,4.9,4.0,18,151.1,4.1,4.4,0,0,0,0,1
778646,152.0,1.0,4.9,4.0,18,111.4,5.4,3.7,0,0,0,0,1
778646,152.0,1.0,4.9,4.0,18,111.4,5.4,3.7,0,0,0,0,1
778646,152.0,1.0,4.9,4.0,18,111.4,5.4,3.7,0,0,0,0,1
778650,152.0,1.0,4.9,4.0,18,148.2,5.2,4.3,0,0,0,0,1
778650,152.0,1.0,4.9,4.0,18,148.2,5.2,4.3,0,0,0,0,1
778650,152.0,1.0,4.9,4.0,18,148.2,5.2,4.3,0,0,0,0,1
782562,98.0,0.988,6.8,2.9,12,79.5,6.7,2.9,0,0,0,0,1
782562,98.0,0.988,6.8,2.9,12,79.5,6.7,2.9,0,0,0,0,1
782562,98.0,0.988,6.8,2.9,12,79.5,6.7,2.9,0,0,0,0,1
782562,98.0,0.988,6.8,2.9,12,79.5,6.7,2.9,0,0,0,0,1
782562,98.0,0.988,6.8,2.9,12,79.5,6.7,2.9,0,0,0,0,1
782566,98.0,0.988,6.8,2.9,12,93.0,6.0,2.9,0,0,0,0,1
782566,98.0,0.988,6.8,2.9,12,93.0,6.0,2.9,0,0,0,0,1
782566,98.0,0.988,6.8,2.9,12,93.0,6.0,2.9,0,0,0,0,1
782570,98.0,0.988,6.8,2.9,12,99.8,7.8,3.2,0,0,0,0,1
782570,98.0,0.988,6.8,2.9,12,99.8,7.8,3.2,0,0,0,0,1
782570,98.0,0.988,6.8,2.9,12,99.8,7.8,3.2,0,0,0,0,1
782748,75.0,0.95,4.0,2.8,10,73.2,4.0,2.8,0,0,0,0,1
782748,75.0,0.95,4.0,2.8,10,73.2,4.0,2.8,0,0,0,0,1
782748,75.0,0.95,4.0,2.8,10,73.2,4.0,2.8,0,0,0,0,1
782748,75.0,0.95,4.0,2.8,10,73.2,4.0,2.8,0,0,0,0,1
782748,75.0,0.95,4.0,2.8,10,73.2,4.0,2.8,0,0,0,0,1
782752,75.0,0.95,4.0,2.8,10,63.7,4.0,2.1,0,0,0,0,1
782752,75.0,0.95,4.0,2.8,10,63.7,4.0,2.1,0,0,0,0,1
782756,75.0,0.95,4.0,2.8,10,108.5,5.6,3.1,0,0,0,0,1
782756,75.0,0.95,4.0,2.8,10,108.5,5.6,3.1,0,0,0,0,1
782756,75.0,0.95,4.0,2.8,10,108.5,5.6,3.1,0,0,0,0,1
782963,143.0,0.988,7.4,4.0,17,143.5,8.0,4.4,0,0,0,0,1
782963,143.0,0.988,7.4,4.0,17,143.5,8.0,4.4,0,0,0,0,1
782963,143.0,0.988,7.4,4.0,17,143.5,8.0,4.4,0,0,0,0,1
782963,143.0,0.988,7.4,4.0,17,143.5,8.0,4.4,0,0,0,0,1
782963,143.0,0.988,7.4,4.0,17,143.5,8.0,4.4,0,0,0,0,1
782968,143.0,0.988,7.4,4.0,17,137.8,7.0,4.2,0,0,0,0,1
782968,143.0,0.988,7.4,4.0,17,137.8,7.0,4.2,0,0,0,0,1
782968,143.0,0.988,7.4,4.0,17,137.8,7.0,4.2,0,0,0,0,1
782972,143.0,0.988,7.4,4.0,17,139.2,6.8,4.4,0,0,0,0,1
782972,143.0,0.988,7.4,4.0,17,139.2,6.8,4.4,0,0,0,0,1
782972,143.0,0.988,7.4,4.0,17,139.2,6.8,4.4,0,0,0,0,1
784996,143.0,0.9790000000000001,6.7,4.0,17,146.9,7.0,4.4,0,0,0,0,1
784996,143.0,0.9790000000000001,6.7,4.0,17,146.9,7.0,4.4,0,0,0,0,1
784996,143.0,0.9790000000000001,6.7,4.0,17,146.9,7.0,4.4,0,0,0,0,1
784996,143.0,0.9790000000000001,6.7,4.0,17,146.9,7.0,4.4,0,0,0,0,1
784996,143.0,0.9790000000000001,6.7,4.0,17,146.9,7.0,4.4,0,0,0,0,1
785000,143.0,0.9790000000000001,6.7,4.0,17,132.0,5.8,4.0,0,0,0,0,1
785000,143.0,0.9790000000000001,6.7,4.0,17,132.0,5.8,4.0,0,0,0,0,1
785000,143.0,0.9790000000000001,6.7,4.0,17,132.0,5.8,4.0,0,0,0,0,1
785000,143.0,0.9790000000000001,6.7,4.0,17,132.0,5.8,4.0,0,0,0,0,1
785004,143.0,0.9790000000000001,6.7,4.0,17,150.4,7.3,4.2,0,0,0,0,1
785004,143.0,0.9790000000000001,6.7,4.0,17,150.4,7.3,4.2,0,0,0,0,1
785004,143.0,0.9790000000000001,6.7,4.0,17,150.4,7.3,4.2,0,0,0,0,1
785256,96.0,0.996,6.0,3.4,12,91.8,7.6,3.3,0,0,0,0,1
785256,96.0,0.996,6.0,3.4,12,91.8,7.6,3.3,0,0,0,0,1
785256,96.0,0.996,6.0,3.4,12,91.8,7.6,3.3,0,0,0,0,1
785256,96.0,0.996,6.0,3.4,12,91.8,7.6,3.3,0,0,0,0,1
785256,96.0,0.996,6.0,3.4,12,91.8,7.6,3.3,0,0,0,0,1
785260,96.0,0.996,6.0,3.4,12,91.8,5.2,3.3,0,0,0,0,1
785260,96.0,0.996,6.0,3.4,12,91.8,5.2,3.3,0,0,0,0,1
785260,96.0,0.996,6.0,3.4,12,91.8,5.2,3.3,0,0,0,0,1
785264,96.0,0.996,6.0,3.4,12,98.5,5.2,3.3,0,0,0,0,1
785264,96.0,0.996,6.0,3.4,12,98.5,5.2,3.3,0,0,0,0,1
785264,96.0,0.996,6.0,3.4,12,98.5,5.2,3.3,0,0,0,0,1
786358,84.0,0.982,7.0,3.4,11,118.3,7.3,4.0,0,0,0,0,1
786358,84.0,0.982,7.0,3.4,11,118.3,7.3,4.0,0,0,0,0,1
786358,84.0,0.982,7.0,3.4,11,118.3,7.3,4.0,0,0,0,0,1
786358,84.0,0.982,7.0,3.4,11,118.3,7.3,4.0,0,0,0,0,1
786358,84.0,0.982,7.0,3.4,11,118.3,7.3,4.0,0,0,0,0,1
786362,84.0,0.982,7.0,3.4,11,77.6,6.2,3.3,0,0,0,1,0
786362,84.0,0.982,7.0,3.4,11,77.6,6.2,3.3,0,0,0,1,0
786362,84.0,0.982,7.0,3.4,11,77.6,6.2,3.3,0,0,0,1,0
786366,84.0,0.982,7.0,3.4,11,80.8,7.6,3.2,0,0,0,0,1
786366,84.0,0.982,7.0,3.4,11,80.8,7.6,3.2,0,0,0,0,1
786366,84.0,0.982,7.0,3.4,11,80.8,7.6,3.2,0,0,0,0,1
787877,39.0,0.789,4.1,1.5,6,28.9,4.5,1.4,0,0,0,1,0
787877,39.0,0.789,4.1,1.5,6,28.9,4.5,1.4,0,0,0,1,0
787877,39.0,0.789,4.1,1.5,6,28.9,4.5,1.4,0,0,0,1,0
787877,39.0,0.789,4.1,1.5,6,28.9,4.5,1.4,0,0,0,1,0
787877,39.0,0.789,4.1,1.5,6,28.9,4.5,1.4,0,0,0,1,0
787881,39.0,0.789,4.1,1.5,6,36.5,2.9,1.4,0,0,0,1,0
787881,39.0,0.789,4.1,1.5,6,36.5,2.9,1.4,0,0,0,1,0
787881,39.0,0.789,4.1,1.5,6,36.5,2.9,1.4,0,0,0,1,0
787881,39.0,0.789,4.1,1.5,6,36.5,2.9,1.4,0,0,0,1,0
787885,39.0,0.789,4.1,1.5,6,51.4,4.9,1.8,0,0,1,0,0
787885,39.0,0.789,4.1,1.5,6,51.4,4.9,1.8,0,0,1,0,0
787885,39.0,0.789,4.1,1.5,6,51.4,4.9,1.8,0,0,1,0,0
788614,64.0,0.996,5.9,2.5,9,61.5,7.4,2.7,0,0,0,1,0
788614,64.0,0.996,5.9,2.5,9,61.5,7.4,2.7,0,0,0,1,0
788614,64.0,0.996,5.9,2.5,9,61.5,7.4,2.7,0,0,0,1,0
788614,64.0,0.996,5.9,2.5,9,61.5,7.4,2.7,0,0,0,1,0
788614,64.0,0.996,5.9,2.5,9,61.5,7.4,2.7,0,0,0,1,0
788614,64.0,0.996,5.9,2.5,9,61.5,7.4,2.7,0,0,0,1,0
788618,64.0,0.996,5.9,2.5,9,60.9,8.0,2.6,0,0,1,0,0
788618,64.0,0.996,5.9,2.5,9,60.9,8.0,2.6,0,0,1,0,0
788622,64.0,0.996,5.9,2.5,9,69.2,4.0,2.7,0,0,0,0,1
788622,64.0,0.996,5.9,2.5,9,69.2,4.0,2.7,0,0,0,0,1
788622,64.0,0.996,5.9,2.5,9,69.2,4.0,2.7,0,0,0,0,1
793373,132.0,1.0,7.1,4.0,16,125.0,8.0,3.9,0,0,0,0,1
793373,132.0,1.0,7.1,4.0,16,125.0,8.0,3.9,0,0,0,0,1
793373,132.0,1.0,7.1,4.0,16,125.0,8.0,3.9,0,0,0,0,1
793373,132.0,1.0,7.1,4.0,16,125.0,8.0,3.9,0,0,0,0,1
793373,132.0,1.0,7.1,4.0,16,125.0,8.0,3.9,0,0,0,0,1
793377,132.0,1.0,7.1,4.0,16,123.9,6.2,3.8,0,0,0,0,1
793377,132.0,1.0,7.1,4.0,16,123.9,6.2,3.8,0,0,0,0,1
793377,132.0,1.0,7.1,4.0,16,123.9,6.2,3.8,0,0,0,0,1
793382,132.0,1.0,7.1,4.0,16,134.0,6.8,3.9,0,0,0,0,1
793382,132.0,1.0,7.1,4.0,16,134.0,6.8,3.9,0,0,0,0,1
793382,132.0,1.0,7.1,4.0,16,134.0,6.8,3.9,0,0,0,0,1
797690,92.0,1.0,5.1,2.8,12,87.4,5.4,3.0,0,0,0,0,1
797690,92.0,1.0,5.1,2.8,12,87.4,5.4,3.0,0,0,0,0,1
797690,92.0,1.0,5.1,2.8,12,87.4,5.4,3.0,0,0,0,0,1
797690,92.0,1.0,5.1,2.8,12,87.4,5.4,3.0,0,0,0,0,1
797694,92.0,1.0,5.1,2.8,12,83.3,5.2,2.4,0,0,0,0,1
797694,92.0,1.0,5.1,2.8,12,83.3,5.2,2.4,0,0,0,0,1
797694,92.0,1.0,5.1,2.8,12,83.3,5.2,2.4,0,0,0,0,1
797698,92.0,1.0,5.1,2.8,12,103.8,4.8,3.1,0,0,0,0,1
797698,92.0,1.0,5.1,2.8,12,103.8,4.8,3.1,0,0,0,0,1
797698,92.0,1.0,5.1,2.8,12,103.8,4.8,3.1,0,0,0,0,1
800004,97.0,0.982,6.8,3.1,12,92.7,8.0,3.3,0,0,0,0,1
800004,97.0,0.982,6.8,3.1,12,92.7,8.0,3.3,0,0,0,0,1
800004,97.0,0.982,6.8,3.1,12,92.7,8.0,3.3,0,0,0,0,1
800004,97.0,0.982,6.8,3.1,12,92.7,8.0,3.3,0,0,0,0,1
800004,97.0,0.982,6.8,3.1,12,92.7,8.0,3.3,0,0,0,0,1
800008,97.0,0.982,6.8,3.1,12,106.1,4.5,3.4,0,0,0,0,1
800008,97.0,0.982,6.8,3.1,12,106.1,4.5,3.4,0,0,0,0,1
800008,97.0,0.982,6.8,3.1,12,106.1,4.5,3.4,0,0,0,0,1
800012,97.0,0.982,6.8,3.1,12,79.1,7.8,2.4,0,0,0,1,0
800012,97.0,0.982,6.8,3.1,12,79.1,7.8,2.4,0,0,0,1,0
800012,97.0,0.982,6.8,3.1,12,79.1,7.8,2.4,0,0,0,1,0
801652,102.0,0.996,6.6,3.3,13,97.8,6.9,3.5,0,0,0,0,1
801652,102.0,0.996,6.6,3.3,13,97.8,6.9,3.5,0,0,0,0,1
801652,102.0,0.996,6.6,3.3,13,97.8,6.9,3.5,0,0,0,0,1
801652,102.0,0.996,6.6,3.3,13,97.8,6.9,3.5,0,0,0,0,1
801652,102.0,0.996,6.6,3.3,13,97.8,6.9,3.5,0,0,0,0,1
801656,102.0,0.996,6.6,3.3,13,102.0,4.9,3.1,0,0,0,0,1
801656,102.0,0.996,6.6,3.3,13,102.0,4.9,3.1,0,0,0,0,1
801656,102.0,0.996,6.6,3.3,13,102.0,4.9,3.1,0,0,0,0,1
801660,102.0,0.996,6.6,3.3,13,120.6,7.9,3.6,0,0,0,0,1
801660,102.0,0.996,6.6,3.3,13,120.6,7.9,3.6,0,0,0,0,1
801660,102.0,0.996,6.6,3.3,13,120.6,7.9,3.6,0,0,0,0,1
804168,33.0,0.935,4.4,1.4,6,32.0,6.1,1.3,0,0,0,1,0
804168,33.0,0.935,4.4,1.4,6,32.0,6.1,1.3,0,0,0,1,0
804168,33.0,0.935,4.4,1.4,6,32.0,6.1,1.3,0,0,0,1,0
804168,33.0,0.935,4.4,1.4,6,32.0,6.1,1.3,0,0,0,1,0
804172,33.0,0.935,4.4,1.4,6,34.8,4.6,1.5,0,0,0,1,0
804172,33.0,0.935,4.4,1.4,6,34.8,4.6,1.5,0,0,0,1,0
804172,33.0,0.935,4.4,1.4,6,34.8,4.6,1.5,0,0,0,1,0
804176,33.0,0.935,4.4,1.4,6,47.6,4.0,1.8,0,0,0,1,0
804176,33.0,0.935,4.4,1.4,6,47.6,4.0,1.8,0,0,0,1,0
804176,33.0,0.935,4.4,1.4,6,47.6,4.0,1.8,0,0,0,1,0
804223,43.0,0.866,2.9,1.5,7,37.9,2.9,1.7,0,0,0,1,0
804223,43.0,0.866,2.9,1.5,7,37.9,2.9,1.7,0,0,0,1,0
804223,43.0,0.866,2.9,1.5,7,37.9,2.9,1.7,0,0,0,1,0
804223,43.0,0.866,2.9,1.5,7,37.9,2.9,1.7,0,0,0,1,0
804227,43.0,0.866,2.9,1.5,7,42.2,3.1,1.4,0,0,0,1,0
804227,43.0,0.866,2.9,1.5,7,42.2,3.1,1.4,0,0,0,1,0
804231,43.0,0.866,2.9,1.5,7,45.9,2.6,1.7,0,0,0,0,1
804231,43.0,0.866,2.9,1.5,7,45.9,2.6,1.7,0,0,0,0,1
804231,43.0,0.866,2.9,1.5,7,45.9,2.6,1.7,0,0,0,0,1
805147,50.0,0.9079999999999999,2.4,1.9,7,34.9,2.8,1.8,0,0,1,0,0
805147,50.0,0.9079999999999999,2.4,1.9,7,34.9,2.8,1.8,0,0,1,0,0
805155,50.0,0.9079999999999999,2.4,1.9,7,67.2,3.0,2.0,0,0,0,0,1
805155,50.0,0.9079999999999999,2.4,1.9,7,67.2,3.0,2.0,0,0,0,0,1
805155,50.0,0.9079999999999999,2.4,1.9,7,67.2,3.0,2.0,0,0,0,0,1
808896,72.0,0.993,4.5,2.6,10,70.0,4.6,2.6,0,0,0,1,0
808896,72.0,0.993,4.5,2.6,10,70.0,4.6,2.6,0,0,0,1,0
808896,72.0,0.993,4.5,2.6,10,70.0,4.6,2.6,0,0,0,1,0
808896,72.0,0.993,4.5,2.6,10,70.0,4.6,2.6,0,0,0,1,0
808896,72.0,0.993,4.5,2.6,10,70.0,4.6,2.6,0,0,0,1,0
808900,72.0,0.993,4.5,2.6,10,66.7,5.0,2.3,0,0,0,0,1
808900,72.0,0.993,4.5,2.6,10,66.7,5.0,2.3,0,0,0,0,1
808900,72.0,0.993,4.5,2.6,10,66.7,5.0,2.3,0,0,0,0,1
808904,72.0,0.993,4.5,2.6,10,86.9,3.9,2.8,0,0,0,0,1
808904,72.0,0.993,4.5,2.6,10,86.9,3.9,2.8,0,0,0,0,1
808904,72.0,0.993,4.5,2.6,10,86.9,3.9,2.8,0,0,0,0,1
809365,125.0,0.9329999999999999,5.7,3.3,15,117.6,6.9,3.9,0,0,0,1,0
809365,125.0,0.9329999999999999,5.7,3.3,15,117.6,6.9,3.9,0,0,0,1,0
809365,125.0,0.9329999999999999,5.7,3.3,15,117.6,6.9,3.9,0,0,0,1,0
809365,125.0,0.9329999999999999,5.7,3.3,15,117.6,6.9,3.9,0,0,0,1,0
809365,125.0,0.9329999999999999,5.7,3.3,15,117.6,6.9,3.9,0,0,0,1,0
809369,125.0,0.9329999999999999,5.7,3.3,15,145.4,3.5,3.7,0,0,0,0,1
809369,125.0,0.9329999999999999,5.7,3.3,15,145.4,3.5,3.7,0,0,0,0,1
809369,125.0,0.9329999999999999,5.7,3.3,15,145.4,3.5,3.7,0,0,0,0,1
809373,125.0,0.9329999999999999,5.7,3.3,15,112.4,6.7,2.6,0,0,0,0,1
809373,125.0,0.9329999999999999,5.7,3.3,15,112.4,6.7,2.6,0,0,0,0,1
809373,125.0,0.9329999999999999,5.7,3.3,15,112.4,6.7,2.6,0,0,0,0,1
811923,109.0,0.991,6.7,2.8,13,105.0,8.0,3.5,0,0,0,0,1
811923,109.0,0.991,6.7,2.8,13,105.0,8.0,3.5,0,0,0,0,1
811923,109.0,0.991,6.7,2.8,13,105.0,8.0,3.5,0,0,0,0,1
811923,109.0,0.991,6.7,2.8,13,105.0,8.0,3.5,0,0,0,0,1
811923,109.0,0.991,6.7,2.8,13,105.0,8.0,3.5,0,0,0,0,1
811927,109.0,0.991,6.7,2.8,13,81.8,6.0,2.6,0,0,0,1,0
811927,109.0,0.991,6.7,2.8,13,81.8,6.0,2.6,0,0,0,1,0
811927,109.0,0.991,6.7,2.8,13,81.8,6.0,2.6,0,0,0,1,0
811931,109.0,0.991,6.7,2.8,13,111.5,6.0,2.3,0,0,0,0,1
811931,109.0,0.991,6.7,2.8,13,111.5,6.0,2.3,0,0,0,0,1
811931,109.0,0.991,6.7,2.8,13,111.5,6.0,2.3,0,0,0,0,1
