session,response,sframe,nframes,word
54329,818770,0,130,<eps>
54329,818770,130,29,how
54329,818770,159,14,do
54329,818770,173,54,plants
54329,818770,227,34,find
54329,818770,261,71,homes
54329,818770,332,112,<eps>
54329,818770,444,26,i
54329,818770,470,42,saw
54329,818770,512,5,a
54329,818770,517,52,flower
54329,818770,569,48,growing
54329,818770,617,7,in
54329,818770,624,6,a
54329,818770,630,90,sidewalk
54329,818770,720,25,<eps>
54329,818770,745,12,i
54329,818770,757,46,wondered
54329,818770,803,37,how
54329,818770,840,11,the
54329,818770,851,40,plant
54329,818770,891,8,<eps>
54329,818770,899,33,got
54329,818770,932,37,there
54329,818770,969,76,<eps>
54329,818770,1045,55,seeds
54329,818770,1100,45,travel
54329,818770,1145,11,in
54329,818770,1156,44,different
54329,818770,1200,60,ways
54329,818770,1260,14,<eps>
54329,818770,1274,33,some
54329,818770,1307,51,seeds
54329,818770,1358,35,just
54329,818770,1393,36,drop
54329,818770,1429,10,to
54329,818770,1439,9,the
54329,818770,1448,63,ground
54329,818770,1511,65,<eps>
54329,818770,1576,8,the
54329,818770,1584,53,wind
54329,818770,1637,11,or
54329,818770,1648,52,birds
54329,818770,1700,55,carry
54329,818770,1755,47,seeds
54329,818770,1802,12,to
54329,818770,1814,20,new
54329,818770,1834,58,places
54329,818770,1892,65,nearby
54329,818770,1957,30,or
54329,818770,1987,37,far
54329,818770,2024,48,away
54329,818770,2072,79,<eps>
54329,818770,2151,33,water
54329,818770,2184,15,can
54329,818770,2199,30,take
54329,818770,2229,48,seeds
54329,818770,2277,11,on
54329,818770,2288,9,a
54329,818770,2297,61,journey
54329,818770,2358,72,<eps>
54329,818770,2430,39,some
54329,818770,2469,60,animals
54329,818770,2529,3,<eps>
54329,818770,2532,48,hide
54329,818770,2580,54,seeds
54329,818770,2634,14,in
54329,818770,2648,8,the
54329,818770,2656,70,ground
54329,818770,2726,12,<eps>
54329,818770,2738,47,seeds
54329,818770,2785,23,can
54329,818770,2808,51,stick
54329,818770,2859,14,to
54329,818770,2873,11,an
54329,818770,2884,42,animal's
54329,818770,2926,58,fur
54329,818770,2984,28,or
54329,818770,3012,19,to
54329,818770,3031,4,a
54329,818770,3035,53,person's
54329,818770,3088,90,socks
54329,818770,3178,81,<eps>
54329,818770,3259,21,when
54329,818770,3280,7,the
54329,818770,3287,37,seeds
54329,818770,3324,25,fall
54329,818770,3349,15,on
54329,818770,3364,7,the
54329,818770,3371,65,ground
54329,818770,3436,48,<eps>
54329,818770,3484,14,they
54329,818770,3498,30,wait
54329,818770,3528,18,for
54329,818770,3546,66,sun
54329,818770,3612,8,<eps>
54329,818770,3620,30,and
54329,818770,3650,47,water
54329,818770,3697,11,<eps>
54329,818770,3708,10,to
54329,818770,3718,54,grow
54329,818770,3772,266,<eps>
54339,818809,0,568,<eps>
54339,818809,568,23,how
54339,818809,591,14,do
54339,818809,605,40,plants
54339,818809,645,40,find
54339,818809,685,66,homes
54339,818809,751,60,<eps>
54339,818809,811,13,i
54339,818809,824,30,saw
54339,818809,854,4,a
54339,818809,858,46,flower
54339,818809,904,42,growing
54339,818809,946,9,in
54339,818809,955,5,a
54339,818809,960,79,sidewalk
54339,818809,1039,21,<eps>
54339,818809,1060,10,i
54339,818809,1070,42,wondered
54339,818809,1112,19,how
54339,818809,1131,9,the
54339,818809,1140,37,plant
54339,818809,1177,31,got
54339,818809,1208,39,there
54339,818809,1247,58,<eps>
54339,818809,1305,43,seeds
54339,818809,1348,48,travel
54339,818809,1396,10,in
54339,818809,1406,34,different
54339,818809,1440,66,ways
54339,818809,1506,42,<eps>
54339,818809,1548,30,some
54339,818809,1578,43,seeds
54339,818809,1621,31,just
54339,818809,1652,29,drop
54339,818809,1681,12,to
54339,818809,1693,10,the
54339,818809,1703,63,ground
54339,818809,1766,48,<eps>
54339,818809,1814,11,the
54339,818809,1825,28,wind
54339,818809,1853,17,or
54339,818809,1870,57,birds
54339,818809,1927,38,carry
54339,818809,1965,42,seeds
54339,818809,2007,13,to
54339,818809,2020,23,new
54339,818809,2043,52,places
54339,818809,2095,64,nearby
54339,818809,2159,3,<eps>
54339,818809,2162,17,or
54339,818809,2179,37,far
54339,818809,2216,49,away
54339,818809,2265,75,<eps>
54339,818809,2340,32,water
54339,818809,2372,15,can
54339,818809,2387,25,take
54339,818809,2412,40,seeds
54339,818809,2452,12,on
54339,818809,2464,6,a
54339,818809,2470,57,journey
54339,818809,2527,69,<eps>
54339,818809,2596,32,some
54339,818809,2628,42,animals
54339,818809,2670,31,hide
54339,818809,2701,36,seeds
54339,818809,2737,11,in
54339,818809,2748,8,the
54339,818809,2756,66,ground
54339,818809,2822,54,<eps>
54339,818809,2876,40,seeds
54339,818809,2916,18,can
54339,818809,2934,36,stick
54339,818809,2970,15,to
54339,818809,2985,12,an
54339,818809,2997,41,animal's
54339,818809,3038,53,fur
54339,818809,3091,3,<eps>
54339,818809,3094,16,or
54339,818809,3110,19,to
54339,818809,3129,5,a
54339,818809,3134,51,person's
54339,818809,3185,70,socks
54339,818809,3255,56,<eps>
54339,818809,3311,17,when
54339,818809,3328,9,the
54339,818809,3337,37,seeds
54339,818809,3374,53,fall
54339,818809,3427,4,<eps>
54339,818809,3431,21,on
54339,818809,3452,7,the
54339,818809,3459,64,ground
54339,818809,3523,37,<eps>
54339,818809,3560,13,they
54339,818809,3573,26,wait
54339,818809,3599,16,for
54339,818809,3615,33,sun
54339,818809,3648,15,and
54339,818809,3663,35,water
54339,818809,3698,17,to
54339,818809,3715,52,grow
54339,818809,3767,199,<eps>
54340,818812,0,110,<eps>
54340,818812,110,22,how
54340,818812,132,22,do
54340,818812,154,39,plants
54340,818812,193,26,find
54340,818812,219,51,homes
54340,818812,270,60,<eps>
54340,818812,330,15,i
54340,818812,345,29,saw
54340,818812,374,5,a
54340,818812,379,46,flower
54340,818812,425,45,growing
54340,818812,470,16,in
54340,818812,486,6,a
54340,818812,492,66,sidewalk
54340,818812,558,70,<eps>
54340,818812,628,9,i
54340,818812,637,48,wondered
54340,818812,685,21,how
54340,818812,706,13,the
54340,818812,719,36,plant
54340,818812,755,30,got
54340,818812,785,29,there
54340,818812,814,62,<eps>
54340,818812,876,55,seeds
54340,818812,931,49,travel
54340,818812,980,19,in
54340,818812,999,33,different
54340,818812,1032,50,ways
54340,818812,1082,49,<eps>
54340,818812,1131,33,some
54340,818812,1164,36,seeds
54340,818812,1200,31,just
54340,818812,1231,27,drop
54340,818812,1258,11,to
54340,818812,1269,9,the
54340,818812,1278,52,ground
54340,818812,1330,60,<eps>
54340,818812,1390,11,the
54340,818812,1401,31,wind
54340,818812,1432,23,or
54340,818812,1455,36,birds
54340,818812,1491,39,carry
54340,818812,1530,43,seeds
54340,818812,1573,12,to
54340,818812,1585,22,new
54340,818812,1607,64,places
54340,818812,1671,5,<eps>
54340,818812,1676,61,nearby
54340,818812,1737,3,<eps>
54340,818812,1740,21,or
54340,818812,1761,28,far
54340,818812,1789,39,away
54340,818812,1828,74,<eps>
54340,818812,1902,39,water
54340,818812,1941,20,can
54340,818812,1961,26,take
54340,818812,1987,28,seeds
54340,818812,2015,18,on
54340,818812,2033,7,a
54340,818812,2040,49,journey
54340,818812,2089,59,<eps>
54340,818812,2148,19,some
54340,818812,2167,53,animals
54340,818812,2220,29,hide
54340,818812,2249,32,seeds
54340,818812,2281,18,in
54340,818812,2299,8,the
54340,818812,2307,51,ground
54340,818812,2358,67,<eps>
54340,818812,2425,35,seeds
54340,818812,2460,20,can
54340,818812,2480,30,stick
54340,818812,2510,10,to
54340,818812,2520,10,an
54340,818812,2530,51,animal's
54340,818812,2581,41,fur
54340,818812,2622,17,<eps>
54340,818812,2639,24,or
54340,818812,2663,20,to
54340,818812,2683,18,a
54340,818812,2701,3,<eps>
54340,818812,2704,45,person's
54340,818812,2749,54,socks
54340,818812,2803,70,<eps>
54340,818812,2873,13,when
54340,818812,2886,9,the
54340,818812,2895,36,seeds
54340,818812,2931,26,fall
54340,818812,2957,10,on
54340,818812,2967,7,the
54340,818812,2974,52,ground
54340,818812,3026,29,<eps>
54340,818812,3055,13,they
54340,818812,3068,31,wait
54340,818812,3099,24,for
54340,818812,3123,38,sun
54340,818812,3161,18,and
54340,818812,3179,48,water
54340,818812,3227,7,<eps>
54340,818812,3234,11,to
54340,818812,3245,46,grow
54340,818812,3291,197,<eps>
54342,818818,0,920,<eps>
54342,818818,920,774,<backoff1>
54342,818818,1694,1120,<eps>
54342,818818,2814,16,how
54342,818818,2830,17,do
54342,818818,2847,42,plants
54342,818818,2889,32,find
54342,818818,2921,42,homes
54342,818818,2963,96,<eps>
54342,818818,3059,11,i
54342,818818,3070,21,saw
54342,818818,3091,4,a
54342,818818,3095,48,flower
54342,818818,3143,40,growing
54342,818818,3183,8,in
54342,818818,3191,6,a
54342,818818,3197,72,sidewalk
54342,818818,3269,59,<eps>
54342,818818,3328,3,i
54342,818818,3331,32,wondered
54342,818818,3363,17,how
54342,818818,3380,10,the
54342,818818,3390,31,plant
54342,818818,3421,26,got
54342,818818,3447,30,there
54342,818818,3477,109,<eps>
54342,818818,3586,53,seeds
54342,818818,3639,8,<eps>
54342,818818,3647,42,travel
54342,818818,3689,9,in
54342,818818,3698,31,different
54342,818818,3729,56,ways
54342,818818,3785,42,<eps>
54342,818818,3827,25,some
54342,818818,3852,47,seeds
54342,818818,3899,10,<eps>
54342,818818,3909,24,just
54342,818818,3933,24,drop
54342,818818,3957,9,to
54342,818818,3966,8,the
54342,818818,3974,47,ground
54342,818818,4021,65,<eps>
54342,818818,4086,9,the
54342,818818,4095,47,wind
54342,818818,4142,3,<eps>
54342,818818,4145,16,or
54342,818818,4161,50,birds
54342,818818,4211,5,<eps>
54342,818818,4216,29,carry
54342,818818,4245,44,seeds
54342,818818,4289,10,to
54342,818818,4299,22,new
54342,818818,4321,55,places
54342,818818,4376,59,nearby
54342,818818,4435,3,<eps>
54342,818818,4438,11,or
54342,818818,4449,26,far
54342,818818,4475,44,away
54342,818818,4519,113,<eps>
54342,818818,4632,39,water
54342,818818,4671,14,can
54342,818818,4685,26,take
54342,818818,4711,30,seeds
54342,818818,4741,12,on
54342,818818,4753,7,a
54342,818818,4760,51,journey
54342,818818,4811,60,<eps>
54342,818818,4871,32,some
54342,818818,4903,56,animals
54342,818818,4959,12,<eps>
54342,818818,4971,31,hide
54342,818818,5002,40,seeds
54342,818818,5042,9,in
54342,818818,5051,7,the
54342,818818,5058,51,ground
54342,818818,5109,68,<eps>
54342,818818,5177,42,seeds
54342,818818,5219,18,can
54342,818818,5237,32,stick
54342,818818,5269,14,to
54342,818818,5283,11,an
54342,818818,5294,42,animal's
54342,818818,5336,53,fur
54342,818818,5389,17,<eps>
54342,818818,5406,14,or
54342,818818,5420,16,to
54342,818818,5436,5,a
54342,818818,5441,45,person's
54342,818818,5486,62,socks
54342,818818,5548,118,<eps>
54342,818818,5666,14,when
54342,818818,5680,9,the
54342,818818,5689,33,seeds
54342,818818,5722,32,fall
54342,818818,5754,10,on
54342,818818,5764,7,the
54342,818818,5771,51,ground
54342,818818,5822,46,<eps>
54342,818818,5868,12,they
54342,818818,5880,30,wait
54342,818818,5910,12,for
54342,818818,5922,37,sun
54342,818818,5959,22,and
54342,818818,5981,50,water
54342,818818,6031,3,<eps>
54342,818818,6034,13,to
54342,818818,6047,48,grow
54342,818818,6095,154,<eps>
54344,818824,0,105,<eps>
54344,818824,105,16,how
54344,818824,121,16,do
54344,818824,137,46,plants
54344,818824,183,34,find
54344,818824,217,45,homes
54344,818824,262,95,<eps>
54344,818824,357,11,i
54344,818824,368,21,saw
54344,818824,389,4,a
54344,818824,393,47,flower
54344,818824,440,36,growing
54344,818824,476,7,in
54344,818824,483,5,a
54344,818824,488,72,sidewalk
54344,818824,560,55,<eps>
54344,818824,615,10,i
54344,818824,625,36,wondered
54344,818824,661,24,how
54344,818824,685,11,the
54344,818824,696,38,plant
54344,818824,734,24,got
54344,818824,758,32,there
54344,818824,790,86,<eps>
54344,818824,876,55,seeds
54344,818824,931,18,<eps>
54344,818824,949,41,travel
54344,818824,990,9,in
54344,818824,999,29,different
54344,818824,1028,38,ways
54344,818824,1066,68,<eps>
54344,818824,1134,24,some
54344,818824,1158,47,seeds
54344,818824,1205,18,<eps>
54344,818824,1223,24,just
54344,818824,1247,25,drop
54344,818824,1272,9,to
54344,818824,1281,9,the
54344,818824,1290,48,ground
54344,818824,1338,73,<eps>
54344,818824,1411,11,the
54344,818824,1422,46,wind
54344,818824,1468,7,<eps>
54344,818824,1475,15,or
54344,818824,1490,54,birds
54344,818824,1544,17,<eps>
54344,818824,1561,31,carry
54344,818824,1592,36,seeds
54344,818824,1628,10,to
54344,818824,1638,19,new
54344,818824,1657,54,places
54344,818824,1711,5,<eps>
54344,818824,1716,65,nearby
54344,818824,1781,3,<eps>
54344,818824,1784,15,or
54344,818824,1799,24,far
54344,818824,1823,39,away
54344,818824,1862,102,<eps>
54344,818824,1964,52,water
54344,818824,2016,9,<eps>
54344,818824,2025,17,can
54344,818824,2042,24,take
54344,818824,2066,30,seeds
54344,818824,2096,11,on
54344,818824,2107,10,a
54344,818824,2117,46,journey
54344,818824,2163,81,<eps>
54344,818824,2244,31,some
54344,818824,2275,40,animals
54344,818824,2315,30,hide
54344,818824,2345,36,seeds
54344,818824,2381,7,in
54344,818824,2388,7,the
54344,818824,2395,49,ground
54344,818824,2444,77,<eps>
54344,818824,2521,33,seeds
54344,818824,2554,18,can
54344,818824,2572,26,stick
54344,818824,2598,12,to
54344,818824,2610,12,an
54344,818824,2622,40,animal's
54344,818824,2662,58,fur
54344,818824,2720,40,<eps>
54344,818824,2760,14,or
54344,818824,2774,14,to
54344,818824,2788,4,a
54344,818824,2792,41,person's
54344,818824,2833,60,socks
54344,818824,2893,93,<eps>
54344,818824,2986,12,when
54344,818824,2998,8,the
54344,818824,3006,38,seeds
54344,818824,3044,28,fall
54344,818824,3072,9,on
54344,818824,3081,7,the
54344,818824,3088,49,ground
54344,818824,3137,40,<eps>
54344,818824,3177,13,they
54344,818824,3190,28,wait
54344,818824,3218,13,for
54344,818824,3231,30,sun
54344,818824,3261,11,and
54344,818824,3272,39,water
54344,818824,3311,12,to
54344,818824,3323,43,grow
54344,818824,3366,106,<eps>
54345,818827,0,310,<eps>
54345,818827,310,31,how
54345,818827,341,22,do
54345,818827,363,48,plants
54345,818827,411,45,find
54345,818827,456,72,homes
54345,818827,528,63,<eps>
54345,818827,591,15,i
54345,818827,606,25,saw
54345,818827,631,12,a
54345,818827,643,46,flower
54345,818827,689,53,growing
54345,818827,742,11,in
54345,818827,753,8,a
54345,818827,761,84,sidewalk
54345,818827,845,35,<eps>
54345,818827,880,11,i
54345,818827,891,45,wondered
54345,818827,936,38,how
54345,818827,974,11,the
54345,818827,985,34,plant
54345,818827,1019,28,got
54345,818827,1047,35,there
54345,818827,1082,75,<eps>
54345,818827,1157,61,seeds
54345,818827,1218,42,travel
54345,818827,1260,9,in
54345,818827,1269,33,different
54345,818827,1302,52,ways
54345,818827,1354,22,<eps>
54345,818827,1376,44,some
54345,818827,1420,45,seeds
54345,818827,1465,36,just
54345,818827,1501,27,drop
54345,818827,1528,14,to
54345,818827,1542,8,the
54345,818827,1550,53,ground
54345,818827,1603,64,<eps>
54345,818827,1667,9,the
54345,818827,1676,30,wind
54345,818827,1706,12,or
54345,818827,1718,53,birds
54345,818827,1771,41,carry
54345,818827,1812,52,seeds
54345,818827,1864,11,to
54345,818827,1875,20,new
54345,818827,1895,58,places
54345,818827,1953,68,nearby
54345,818827,2021,25,<eps>
54345,818827,2046,13,or
54345,818827,2059,32,far
54345,818827,2091,46,away
54345,818827,2137,89,<eps>
54345,818827,2226,59,water
54345,818827,2285,3,<eps>
54345,818827,2288,20,can
54345,818827,2308,30,take
54345,818827,2338,51,seeds
54345,818827,2389,15,on
54345,818827,2404,5,a
54345,818827,2409,57,journey
54345,818827,2466,89,<eps>
54345,818827,2555,41,some
54345,818827,2596,48,animals
54345,818827,2644,40,hide
54345,818827,2684,50,seeds
54345,818827,2734,4,<eps>
54345,818827,2738,11,in
54345,818827,2749,7,the
54345,818827,2756,62,ground
54345,818827,2818,72,<eps>
54345,818827,2890,56,seeds
54345,818827,2946,20,can
54345,818827,2966,45,stick
54345,818827,3011,15,to
54345,818827,3026,13,an
54345,818827,3039,58,animal's
54345,818827,3097,53,fur
54345,818827,3150,16,<eps>
54345,818827,3166,16,or
54345,818827,3182,17,to
54345,818827,3199,7,a
54345,818827,3206,65,person's
54345,818827,3271,3,<eps>
54345,818827,3274,67,socks
54345,818827,3341,87,<eps>
54345,818827,3428,16,when
54345,818827,3444,8,the
54345,818827,3452,52,seeds
54345,818827,3504,18,<eps>
54345,818827,3522,74,fall
54345,818827,3596,8,on
54345,818827,3604,8,the
54345,818827,3612,55,ground
54345,818827,3667,25,<eps>
54345,818827,3692,17,they
54345,818827,3709,33,wait
54345,818827,3742,16,for
54345,818827,3758,59,sun
54345,818827,3817,5,<eps>
54345,818827,3822,17,and
54345,818827,3839,43,water
54345,818827,3882,20,to
54345,818827,3902,40,grow
54345,818827,3942,220,<eps>
54346,818830,0,618,<eps>
54346,818830,618,18,how
54346,818830,636,11,do
54346,818830,647,36,plants
54346,818830,683,35,find
54346,818830,718,58,homes
54346,818830,776,46,<eps>
54346,818830,822,16,i
54346,818830,838,24,saw
54346,818830,862,5,a
54346,818830,867,44,flower
54346,818830,911,40,growing
54346,818830,951,7,in
54346,818830,958,5,a
54346,818830,963,71,sidewalk
54346,818830,1034,31,<eps>
54346,818830,1065,9,i
54346,818830,1074,35,wondered
54346,818830,1109,17,how
54346,818830,1126,10,the
54346,818830,1136,30,plant
54346,818830,1166,30,got
54346,818830,1196,35,there
54346,818830,1231,53,<eps>
54346,818830,1284,33,seeds
54346,818830,1317,36,travel
54346,818830,1353,11,in
54346,818830,1364,32,different
54346,818830,1396,47,ways
54346,818830,1443,30,<eps>
54346,818830,1473,28,some
54346,818830,1501,40,seeds
54346,818830,1541,27,just
54346,818830,1568,25,drop
54346,818830,1593,11,to
54346,818830,1604,8,the
54346,818830,1612,56,ground
54346,818830,1668,35,<eps>
54346,818830,1703,9,the
54346,818830,1712,33,wind
54346,818830,1745,18,or
54346,818830,1763,46,birds
54346,818830,1809,53,carry
54346,818830,1862,43,<eps>
54346,818830,1905,42,seeds
54346,818830,1947,13,to
54346,818830,1960,24,new
54346,818830,1984,44,places
54346,818830,2028,54,nearby
54346,818830,2082,18,or
54346,818830,2100,31,far
54346,818830,2131,47,away
54346,818830,2178,78,<eps>
54346,818830,2256,34,water
54346,818830,2290,18,can
54346,818830,2308,22,take
54346,818830,2330,33,seeds
54346,818830,2363,14,on
54346,818830,2377,5,a
54346,818830,2382,57,journey
54346,818830,2439,29,<eps>
54346,818830,2468,28,some
54346,818830,2496,56,animals
54346,818830,2552,42,hide
54346,818830,2594,33,seeds
54346,818830,2627,15,in
54346,818830,2642,7,the
54346,818830,2649,53,ground
54346,818830,2702,35,<eps>
54346,818830,2737,32,seeds
54346,818830,2769,19,can
54346,818830,2788,33,stick
54346,818830,2821,14,to
54346,818830,2835,12,an
54346,818830,2847,43,animal's
54346,818830,2890,48,fur
54346,818830,2938,4,<eps>
54346,818830,2942,25,or
54346,818830,2967,17,to
54346,818830,2984,5,a
54346,818830,2989,43,person's
54346,818830,3032,60,socks
54346,818830,3092,70,<eps>
54346,818830,3162,17,when
54346,818830,3179,9,the
54346,818830,3188,32,seeds
54346,818830,3220,23,fall
54346,818830,3243,10,on
54346,818830,3253,8,the
54346,818830,3261,44,ground
54346,818830,3305,3,<eps>
54346,818830,3308,11,they
54346,818830,3319,35,wait
54346,818830,3354,9,for
54346,818830,3363,40,sun
54346,818830,3403,18,and
54346,818830,3421,31,water
54346,818830,3452,14,to
54346,818830,3466,45,grow
54346,818830,3511,100,<eps>
54348,818837,0,1014,<eps>
54348,818837,1014,24,how
54348,818837,1038,738,<eps>
54348,818837,1776,3,<backoff1>
54348,818837,1779,20,how
54348,818837,1799,20,do
54348,818837,1819,44,plants
54348,818837,1863,32,find
54348,818837,1895,59,homes
54348,818837,1954,29,<eps>
54348,818837,1983,11,i
54348,818837,1994,28,saw
54348,818837,2022,5,a
54348,818837,2027,47,flower
54348,818837,2074,41,growing
54348,818837,2115,8,in
54348,818837,2123,6,a
54348,818837,2129,72,sidewalk
54348,818837,2201,9,<eps>
54348,818837,2210,11,i
54348,818837,2221,44,wondered
54348,818837,2265,22,how
54348,818837,2287,12,the
54348,818837,2299,32,plant
54348,818837,2331,32,got
54348,818837,2363,38,there
54348,818837,2401,29,<eps>
54348,818837,2430,38,seeds
54348,818837,2468,45,travel
54348,818837,2513,13,in
54348,818837,2526,38,different
54348,818837,2564,53,ways
54348,818837,2617,20,<eps>
54348,818837,2637,28,some
54348,818837,2665,38,seeds
54348,818837,2703,29,just
54348,818837,2732,22,drop
54348,818837,2754,13,to
54348,818837,2767,9,the
54348,818837,2776,59,ground
54348,818837,2835,20,<eps>
54348,818837,2855,11,the
54348,818837,2866,26,wind
54348,818837,2892,10,or
54348,818837,2902,38,birds
54348,818837,2940,33,carry
54348,818837,2973,50,seeds
54348,818837,3023,22,to
54348,818837,3045,26,new
54348,818837,3071,57,places
54348,818837,3128,59,nearby
54348,818837,3187,12,or
54348,818837,3199,32,far
54348,818837,3231,44,away
54348,818837,3275,60,<eps>
54348,818837,3335,32,water
54348,818837,3367,17,can
54348,818837,3384,26,take
54348,818837,3410,32,seeds
54348,818837,3442,15,on
54348,818837,3457,5,a
54348,818837,3462,54,journey
54348,818837,3516,25,<eps>
54348,818837,3541,33,some
54348,818837,3574,49,animals
54348,818837,3623,35,hide
54348,818837,3658,35,seeds
54348,818837,3693,20,in
54348,818837,3713,7,the
54348,818837,3720,64,ground
54348,818837,3784,23,<eps>
54348,818837,3807,35,seeds
54348,818837,3842,20,can
54348,818837,3862,31,stick
54348,818837,3893,12,to
54348,818837,3905,11,an
54348,818837,3916,44,animal's
54348,818837,3960,42,fur
54348,818837,4002,3,<eps>
54348,818837,4005,12,or
54348,818837,4017,20,to
54348,818837,4037,5,a
54348,818837,4042,55,person's
54348,818837,4097,54,socks
54348,818837,4151,32,<eps>
54348,818837,4183,15,when
54348,818837,4198,7,the
54348,818837,4205,38,seeds
54348,818837,4243,26,fall
54348,818837,4269,10,on
54348,818837,4279,7,the
54348,818837,4286,65,ground
54348,818837,4351,5,<eps>
54348,818837,4356,16,they
54348,818837,4372,32,wait
54348,818837,4404,21,for
54348,818837,4425,59,sun
54348,818837,4484,13,<eps>
54348,818837,4497,15,and
54348,818837,4512,49,water
54348,818837,4561,3,<eps>
54348,818837,4564,13,to
54348,818837,4577,40,grow
54348,818837,4617,201,<eps>
54350,818858,0,1765,<backoff1>
54350,818858,1765,123,<eps>
54350,818858,1888,27,how
54350,818858,1915,15,do
54350,818858,1930,38,plants
54350,818858,1968,28,find
54350,818858,1996,56,homes
54350,818858,2052,112,<eps>
54350,818858,2164,12,i
54350,818858,2176,33,saw
54350,818858,2209,3,a
54350,818858,2212,40,flower
54350,818858,2252,32,growing
54350,818858,2284,10,in
54350,818858,2294,4,a
54350,818858,2298,68,sidewalk
54350,818858,2366,33,<eps>
54350,818858,2399,11,i
54350,818858,2410,50,wondered
54350,818858,2460,44,how
54350,818858,2504,3,<eps>
54350,818858,2507,7,the
54350,818858,2514,27,plant
54350,818858,2541,31,got
54350,818858,2572,35,there
54350,818858,2607,127,<eps>
54350,818858,2734,36,seeds
54350,818858,2770,38,travel
54350,818858,2808,12,in
54350,818858,2820,29,different
54350,818858,2849,33,ways
54350,818858,2882,94,<eps>
54350,818858,2976,31,some
54350,818858,3007,52,seeds
54350,818858,3059,31,just
54350,818858,3090,29,drop
54350,818858,3119,9,to
54350,818858,3128,9,the
54350,818858,3137,57,ground
54350,818858,3194,70,<eps>
54350,818858,3264,10,the
54350,818858,3274,48,wind
54350,818858,3322,3,<eps>
54350,818858,3325,13,or
54350,818858,3338,57,birds
54350,818858,3395,41,carry
54350,818858,3436,35,seeds
54350,818858,3471,12,to
54350,818858,3483,20,new
54350,818858,3503,55,places
54350,818858,3558,68,nearby
54350,818858,3626,3,<eps>
54350,818858,3629,14,or
54350,818858,3643,27,far
54350,818858,3670,46,away
54350,818858,3716,85,<eps>
54350,818858,3801,50,water
54350,818858,3851,3,<eps>
54350,818858,3854,21,can
54350,818858,3875,23,take
54350,818858,3898,35,seeds
54350,818858,3933,13,on
54350,818858,3946,6,a
54350,818858,3952,49,journey
54350,818858,4001,94,<eps>
54350,818858,4095,33,some
54350,818858,4128,64,animals
54350,818858,4192,29,hide
54350,818858,4221,34,seeds
54350,818858,4255,11,in
54350,818858,4266,8,the
54350,818858,4274,56,ground
54350,818858,4330,61,<eps>
54350,818858,4391,41,seeds
54350,818858,4432,26,can
54350,818858,4458,51,stick
54350,818858,4509,16,to
54350,818858,4525,13,an
54350,818858,4538,42,animal's
54350,818858,4580,57,fur
54350,818858,4637,11,<eps>
54350,818858,4648,22,or
54350,818858,4670,17,to
54350,818858,4687,5,a
54350,818858,4692,50,person's
54350,818858,4742,58,socks
54350,818858,4800,78,<eps>
54350,818858,4878,14,when
54350,818858,4892,8,the
54350,818858,4900,37,seeds
54350,818858,4937,52,fall
54350,818858,4989,10,on
54350,818858,4999,7,the
54350,818858,5006,54,ground
54350,818858,5060,19,<eps>
54350,818858,5079,16,they
54350,818858,5095,35,wait
54350,818858,5130,11,for
54350,818858,5141,51,sun
54350,818858,5192,7,<eps>
54350,818858,5199,13,and
54350,818858,5212,43,water
54350,818858,5255,14,to
54350,818858,5269,40,grow
54350,818858,5309,373,<eps>
54360,818953,0,230,<eps>
54360,818953,230,24,how
54360,818953,254,15,do
54360,818953,269,37,plants
54360,818953,306,31,find
54360,818953,337,62,homes
54360,818953,399,71,<eps>
54360,818953,470,13,i
54360,818953,483,25,saw
54360,818953,508,3,a
54360,818953,511,41,flower
54360,818953,552,33,growing
54360,818953,585,7,in
54360,818953,592,4,a
54360,818953,596,72,sidewalk
54360,818953,668,43,<eps>
54360,818953,711,8,i
54360,818953,719,35,wondered
54360,818953,754,16,how
54360,818953,770,9,the
54360,818953,779,37,plant
54360,818953,816,26,got
54360,818953,842,36,there
54360,818953,878,60,<eps>
54360,818953,938,39,seeds
54360,818953,977,39,travel
54360,818953,1016,10,in
54360,818953,1026,36,different
54360,818953,1062,53,ways
54360,818953,1115,35,<eps>
54360,818953,1150,31,some
54360,818953,1181,39,seeds
54360,818953,1220,26,just
54360,818953,1246,27,drop
54360,818953,1273,10,to
54360,818953,1283,8,the
54360,818953,1291,50,ground
54360,818953,1341,57,<eps>
54360,818953,1398,8,the
54360,818953,1406,38,wind
54360,818953,1444,15,or
54360,818953,1459,52,birds
54360,818953,1511,32,carry
54360,818953,1543,37,seeds
54360,818953,1580,13,to
54360,818953,1593,24,new
54360,818953,1617,51,places
54360,818953,1668,55,nearby
54360,818953,1723,13,or
54360,818953,1736,30,far
54360,818953,1766,40,away
54360,818953,1806,72,<eps>
54360,818953,1878,42,water
54360,818953,1920,14,can
54360,818953,1934,24,take
54360,818953,1958,34,seeds
54360,818953,1992,10,on
54360,818953,2002,7,a
54360,818953,2009,46,journey
54360,818953,2055,66,<eps>
54360,818953,2121,34,some
54360,818953,2155,38,animals
54360,818953,2193,31,hide
54360,818953,2224,34,seeds
54360,818953,2258,7,in
54360,818953,2265,9,the
54360,818953,2274,56,ground
54360,818953,2330,76,<eps>
54360,818953,2406,36,seeds
54360,818953,2442,17,can
54360,818953,2459,29,stick
54360,818953,2488,12,to
54360,818953,2500,9,an
54360,818953,2509,40,animal's
54360,818953,2549,57,fur
54360,818953,2606,27,<eps>
54360,818953,2633,19,or
54360,818953,2652,13,to
54360,818953,2665,4,a
54360,818953,2669,50,person's
54360,818953,2719,68,socks
54360,818953,2787,73,<eps>
54360,818953,2860,15,when
54360,818953,2875,6,the
54360,818953,2881,38,seeds
54360,818953,2919,26,fall
54360,818953,2945,9,on
54360,818953,2954,7,the
54360,818953,2961,57,ground
54360,818953,3018,28,<eps>
54360,818953,3046,11,they
54360,818953,3057,29,wait
54360,818953,3086,17,for
54360,818953,3103,62,sun
54360,818953,3165,22,<eps>
54360,818953,3187,14,and
54360,818953,3201,35,water
54360,818953,3236,17,to
54360,818953,3253,60,grow
54360,818953,3313,226,<eps>
54361,818956,0,130,<eps>
54361,818956,130,27,how
54361,818956,157,15,do
54361,818956,172,40,plants
54361,818956,212,29,find
54361,818956,241,62,homes
54361,818956,303,48,<eps>
54361,818956,351,11,i
54361,818956,362,24,saw
54361,818956,386,3,a
54361,818956,389,39,flower
54361,818956,428,38,growing
54361,818956,466,8,in
54361,818956,474,4,a
54361,818956,478,69,sidewalk
54361,818956,547,46,<eps>
54361,818956,593,5,i
54361,818956,598,31,wondered
54361,818956,629,16,how
54361,818956,645,9,the
54361,818956,654,38,plant
54361,818956,692,26,got
54361,818956,718,32,there
54361,818956,750,62,<eps>
54361,818956,812,37,seeds
54361,818956,849,39,travel
54361,818956,888,10,in
54361,818956,898,31,different
54361,818956,929,60,ways
54361,818956,989,31,<eps>
54361,818956,1020,29,some
54361,818956,1049,41,seeds
54361,818956,1090,32,just
54361,818956,1122,28,drop
54361,818956,1150,12,to
54361,818956,1162,8,the
54361,818956,1170,49,ground
54361,818956,1219,86,<eps>
54361,818956,1305,8,the
54361,818956,1313,36,wind
54361,818956,1349,7,or
54361,818956,1356,47,birds
54361,818956,1403,30,carry
54361,818956,1433,39,seeds
54361,818956,1472,12,to
54361,818956,1484,18,new
54361,818956,1502,49,places
54361,818956,1551,54,nearby
54361,818956,1605,11,or
54361,818956,1616,28,far
54361,818956,1644,40,away
54361,818956,1684,75,<eps>
54361,818956,1759,38,water
54361,818956,1797,16,can
54361,818956,1813,24,take
54361,818956,1837,31,seeds
54361,818956,1868,11,on
54361,818956,1879,6,a
54361,818956,1885,43,journey
54361,818956,1928,51,<eps>
54361,818956,1979,30,some
54361,818956,2009,32,animals
54361,818956,2041,28,hide
54361,818956,2069,33,seeds
54361,818956,2102,8,in
54361,818956,2110,9,the
54361,818956,2119,50,ground
54361,818956,2169,53,<eps>
54361,818956,2222,36,seeds
54361,818956,2258,17,can
54361,818956,2275,29,stick
54361,818956,2304,10,to
54361,818956,2314,11,an
54361,818956,2325,40,animal's
54361,818956,2365,44,fur
54361,818956,2409,4,<eps>
54361,818956,2413,17,or
54361,818956,2430,14,to
54361,818956,2444,4,a
54361,818956,2448,47,person's
54361,818956,2495,68,socks
54361,818956,2563,73,<eps>
54361,818956,2636,13,when
54361,818956,2649,8,the
54361,818956,2657,33,seeds
54361,818956,2690,27,fall
54361,818956,2717,11,on
54361,818956,2728,8,the
54361,818956,2736,56,ground
54361,818956,2792,28,<eps>
54361,818956,2820,13,they
54361,818956,2833,28,wait
54361,818956,2861,15,for
54361,818956,2876,29,sun
54361,818956,2905,16,and
54361,818956,2921,31,water
54361,818956,2952,12,to
54361,818956,2964,47,grow
54361,818956,3011,213,<eps>
54365,819002,0,190,<eps>
54365,819002,190,24,how
54365,819002,214,13,do
54365,819002,227,40,plants
54365,819002,267,31,find
54365,819002,298,63,homes
54365,819002,361,14,<eps>
54365,819002,375,11,i
54365,819002,386,25,saw
54365,819002,411,4,a
54365,819002,415,39,flower
54365,819002,454,36,growing
54365,819002,490,6,in
54365,819002,496,7,a
54365,819002,503,72,sidewalk
54365,819002,575,44,<eps>
54365,819002,619,9,i
54365,819002,628,33,wondered
54365,819002,661,15,how
54365,819002,676,8,the
54365,819002,684,35,plant
54365,819002,719,30,got
54365,819002,749,36,there
54365,819002,785,107,<eps>
54365,819002,892,42,seeds
54365,819002,934,45,travel
54365,819002,979,9,in
54365,819002,988,32,different
54365,819002,1020,56,ways
54365,819002,1076,24,<eps>
54365,819002,1100,33,some
54365,819002,1133,44,seeds
54365,819002,1177,29,just
54365,819002,1206,27,drop
54365,819002,1233,12,to
54365,819002,1245,7,the
54365,819002,1252,55,ground
54365,819002,1307,36,<eps>
54365,819002,1343,9,the
54365,819002,1352,38,wind
54365,819002,1390,9,or
54365,819002,1399,40,birds
54365,819002,1439,35,carry
54365,819002,1474,54,seeds
54365,819002,1528,14,<eps>
54365,819002,1542,13,to
54365,819002,1555,18,new
54365,819002,1573,60,places
54365,819002,1633,49,nearby
54365,819002,1682,10,or
54365,819002,1692,31,far
54365,819002,1723,47,away
54365,819002,1770,68,<eps>
54365,819002,1838,32,water
54365,819002,1870,15,can
54365,819002,1885,27,take
54365,819002,1912,39,seeds
54365,819002,1951,10,on
54365,819002,1961,8,a
54365,819002,1969,55,journey
54365,819002,2024,19,<eps>
54365,819002,2043,25,some
54365,819002,2068,46,animals
54365,819002,2114,33,hide
54365,819002,2147,36,seeds
54365,819002,2183,6,in
54365,819002,2189,9,the
54365,819002,2198,61,ground
54365,819002,2259,3,<eps>
54365,819002,2262,35,seeds
54365,819002,2297,19,can
54365,819002,2316,29,stick
54365,819002,2345,13,to
54365,819002,2358,11,an
54365,819002,2369,45,animal's
54365,819002,2414,44,fur
54365,819002,2458,11,or
54365,819002,2469,17,to
54365,819002,2486,4,a
54365,819002,2490,51,person's
54365,819002,2541,56,socks
54365,819002,2597,64,<eps>
54365,819002,2661,10,when
54365,819002,2671,7,the
54365,819002,2678,33,seeds
54365,819002,2711,25,fall
54365,819002,2736,10,on
54365,819002,2746,6,the
54365,819002,2752,53,ground
54365,819002,2805,12,they
54365,819002,2817,27,wait
54365,819002,2844,11,for
54365,819002,2855,50,sun
54365,819002,2905,14,and
54365,819002,2919,28,water
54365,819002,2947,13,to
54365,819002,2960,39,grow
54365,819002,2999,55,<eps>
54366,819005,0,173,<eps>
54366,819005,173,22,how
54366,819005,195,16,do
54366,819005,211,43,plants
54366,819005,254,41,find
54366,819005,295,68,homes
54366,819005,363,7,<eps>
54366,819005,370,15,i
54366,819005,385,35,saw
54366,819005,420,5,a
54366,819005,425,58,flower
54366,819005,483,56,growing
54366,819005,539,11,in
54366,819005,550,5,a
54366,819005,555,97,sidewalk
54366,819005,652,10,<eps>
54366,819005,662,19,i
54366,819005,681,38,wondered
54366,819005,719,21,how
54366,819005,740,9,the
54366,819005,749,37,plant
54366,819005,786,32,got
54366,819005,818,37,there
54366,819005,855,63,<eps>
54366,819005,918,45,seeds
54366,819005,963,45,travel
54366,819005,1008,18,in
54366,819005,1026,38,different
54366,819005,1064,52,ways
54366,819005,1116,13,<eps>
54366,819005,1129,34,some
54366,819005,1163,47,seeds
54366,819005,1210,37,just
54366,819005,1247,28,drop
54366,819005,1275,12,to
54366,819005,1287,17,the
54366,819005,1304,59,ground
54366,819005,1363,58,<eps>
54366,819005,1421,14,the
54366,819005,1435,46,wind
54366,819005,1481,3,<eps>
54366,819005,1484,17,or
54366,819005,1501,37,birds
54366,819005,1538,33,carry
54366,819005,1571,39,seeds
54366,819005,1610,12,to
54366,819005,1622,24,new
54366,819005,1646,69,places
54366,819005,1715,4,<eps>
54366,819005,1719,62,nearby
54366,819005,1781,17,or
54366,819005,1798,31,far
54366,819005,1829,49,away
54366,819005,1878,53,<eps>
54366,819005,1931,32,water
54366,819005,1963,25,can
54366,819005,1988,26,take
54366,819005,2014,36,seeds
54366,819005,2050,15,on
54366,819005,2065,5,a
54366,819005,2070,54,journey
54366,819005,2124,39,<eps>
54366,819005,2163,33,some
54366,819005,2196,55,animals
54366,819005,2251,32,hide
54366,819005,2283,44,seeds
54366,819005,2327,9,in
54366,819005,2336,9,the
54366,819005,2345,51,ground
54366,819005,2396,38,<eps>
54366,819005,2434,44,seeds
54366,819005,2478,26,can
54366,819005,2504,31,stick
54366,819005,2535,13,to
54366,819005,2548,14,an
54366,819005,2562,54,animal's
54366,819005,2616,49,fur
54366,819005,2665,31,or
54366,819005,2696,24,to
54366,819005,2720,7,a
54366,819005,2727,49,person's
54366,819005,2776,59,socks
54366,819005,2835,81,<eps>
54366,819005,2916,18,when
54366,819005,2934,8,the
54366,819005,2942,38,seeds
54366,819005,2980,36,fall
54366,819005,3016,14,on
54366,819005,3030,10,the
54366,819005,3040,58,ground
54366,819005,3098,4,<eps>
54366,819005,3102,35,they
54366,819005,3137,30,wait
54366,819005,3167,30,for
54366,819005,3197,35,sun
54366,819005,3232,12,and
54366,819005,3244,35,water
54366,819005,3279,17,to
54366,819005,3296,44,grow
54366,819005,3340,457,<eps>
54367,819008,0,40,<eps>
54367,819008,40,89,<backoff1>
54367,819008,129,1928,<eps>
54367,819008,2057,29,how
54367,819008,2086,17,do
54367,819008,2103,40,plants
54367,819008,2143,31,find
54367,819008,2174,67,homes
54367,819008,2241,68,<eps>
54367,819008,2309,18,i
54367,819008,2327,27,saw
54367,819008,2354,5,a
54367,819008,2359,48,flower
54367,819008,2407,50,growing
54367,819008,2457,12,in
54367,819008,2469,5,a
54367,819008,2474,90,sidewalk
54367,819008,2564,40,<eps>
54367,819008,2604,18,i
54367,819008,2622,40,wondered
54367,819008,2662,22,how
54367,819008,2684,14,the
54367,819008,2698,31,plant
54367,819008,2729,35,got
54367,819008,2764,45,there
54367,819008,2809,76,<eps>
54367,819008,2885,44,seeds
54367,819008,2929,39,travel
54367,819008,2968,13,in
54367,819008,2981,45,different
54367,819008,3026,60,ways
54367,819008,3086,47,<eps>
54367,819008,3133,35,some
54367,819008,3168,52,seeds
54367,819008,3220,33,just
54367,819008,3253,28,drop
54367,819008,3281,11,to
54367,819008,3292,11,the
54367,819008,3303,70,ground
54367,819008,3373,57,<eps>
54367,819008,3430,13,the
54367,819008,3443,49,wind
54367,819008,3492,12,or
54367,819008,3504,49,birds
54367,819008,3553,38,carry
54367,819008,3591,41,seeds
54367,819008,3632,13,to
54367,819008,3645,23,new
54367,819008,3668,56,places
54367,819008,3724,69,nearby
54367,819008,3793,13,or
54367,819008,3806,28,far
54367,819008,3834,52,away
54367,819008,3886,111,<eps>
54367,819008,3997,50,water
54367,819008,4047,21,can
54367,819008,4068,25,take
54367,819008,4093,34,seeds
54367,819008,4127,8,on
54367,819008,4135,7,a
54367,819008,4142,133,journey
54367,819008,4275,36,<eps>
54367,819008,4311,34,some
54367,819008,4345,60,animals
54367,819008,4405,45,hide
54367,819008,4450,60,seeds
54367,819008,4510,13,<eps>
54367,819008,4523,17,in
54367,819008,4540,9,the
54367,819008,4549,74,ground
54367,819008,4623,108,<eps>
54367,819008,4731,57,seeds
54367,819008,4788,25,can
54367,819008,4813,30,stick
54367,819008,4843,9,to
54367,819008,4852,13,an
54367,819008,4865,49,animal's
54367,819008,4914,57,fur
54367,819008,4971,37,<eps>
54367,819008,5008,30,or
54367,819008,5038,13,to
54367,819008,5051,4,a
54367,819008,5055,48,person's
54367,819008,5103,57,socks
54367,819008,5160,177,<eps>
54367,819008,5337,15,when
54367,819008,5352,13,the
54367,819008,5365,33,seeds
54367,819008,5398,30,fall
54367,819008,5428,10,on
54367,819008,5438,8,the
54367,819008,5446,68,ground
54367,819008,5514,5,<eps>
54367,819008,5519,22,they
54367,819008,5541,34,wait
54367,819008,5575,22,for
54367,819008,5597,57,sun
54367,819008,5654,3,<eps>
54367,819008,5657,23,and
54367,819008,5680,49,water
54367,819008,5729,20,to
54367,819008,5749,50,grow
54367,819008,5799,357,<eps>
54370,819033,0,101,<eps>
54370,819033,101,14,how
54370,819033,115,11,do
54370,819033,126,35,plants
54370,819033,161,27,find
54370,819033,188,65,homes
54370,819033,253,51,<eps>
54370,819033,304,4,i
54370,819033,308,24,saw
54370,819033,332,4,a
54370,819033,336,67,flower
54370,819033,403,50,growing
54370,819033,453,11,in
54370,819033,464,5,a
54370,819033,469,70,sidewalk
54370,819033,539,37,<eps>
54370,819033,576,6,i
54370,819033,582,38,wondered
54370,819033,620,14,how
54370,819033,634,10,the
54370,819033,644,31,plant
54370,819033,675,27,got
54370,819033,702,30,there
54370,819033,732,77,<eps>
54370,819033,809,47,seeds
54370,819033,856,41,travel
54370,819033,897,9,in
54370,819033,906,30,different
54370,819033,936,55,ways
54370,819033,991,57,<eps>
54370,819033,1048,28,some
54370,819033,1076,40,seeds
54370,819033,1116,30,just
54370,819033,1146,26,drop
54370,819033,1172,12,to
54370,819033,1184,10,the
54370,819033,1194,54,ground
54370,819033,1248,39,<eps>
54370,819033,1287,8,the
54370,819033,1295,35,wind
54370,819033,1330,7,or
54370,819033,1337,32,birds
54370,819033,1369,36,carry
54370,819033,1405,41,seeds
54370,819033,1446,12,to
54370,819033,1458,20,new
54370,819033,1478,50,places
54370,819033,1528,65,nearby
54370,819033,1593,3,<eps>
54370,819033,1596,24,or
54370,819033,1620,32,far
54370,819033,1652,56,away
54370,819033,1708,75,<eps>
54370,819033,1783,43,water
54370,819033,1826,17,can
54370,819033,1843,26,take
54370,819033,1869,40,seeds
54370,819033,1909,14,on
54370,819033,1923,6,a
54370,819033,1929,52,journey
54370,819033,1981,58,<eps>
54370,819033,2039,31,some
54370,819033,2070,40,animals
54370,819033,2110,39,hide
54370,819033,2149,34,seeds
54370,819033,2183,12,in
54370,819033,2195,7,the
54370,819033,2202,56,ground
54370,819033,2258,72,<eps>
54370,819033,2330,40,seeds
54370,819033,2370,16,can
54370,819033,2386,36,stick
54370,819033,2422,13,to
54370,819033,2435,12,an
54370,819033,2447,44,animal's
54370,819033,2491,53,fur
54370,819033,2544,16,<eps>
54370,819033,2560,11,or
54370,819033,2571,15,to
54370,819033,2586,6,a
54370,819033,2592,45,person's
54370,819033,2637,62,socks
54370,819033,2699,79,<eps>
54370,819033,2778,15,when
54370,819033,2793,8,the
54370,819033,2801,37,seeds
54370,819033,2838,34,fall
54370,819033,2872,10,on
54370,819033,2882,8,the
54370,819033,2890,53,ground
54370,819033,2943,28,<eps>
54370,819033,2971,13,they
54370,819033,2984,24,wait
54370,819033,3008,9,for
54370,819033,3017,36,sun
54370,819033,3053,13,and
54370,819033,3066,39,water
54370,819033,3105,12,to
54370,819033,3117,47,grow
54370,819033,3164,154,<eps>
54370,819033,3318,60,<backoff>
54370,819033,3378,57,<eps>
